"ID","Date","Period","Year","Set","Treatment","Block","Plot","Name","Slope","SLayer","TOC","TC","IC","TN","Unit","TCN","TOC_m","TC_m","IC_m","TN_m","TCN_m"
"1-1 BOTA",2021-09-09,"Treatment",2021,9,"Control",1,1,"BOTA","BOT","A",62.93,63.39,0.4572,1.522,"mg/L",41.6491458607096,20.7575,21.353,0.59805,0.6102,33.6021811387228
"1-1 BOTA",2021-09-29,"Treatment",2021,10,"Control",1,1,"BOTA","BOT","A",5.576,6.593,1.017,0.131,"mg/L",50.3282442748092,20.7575,21.353,0.59805,0.6102,33.6021811387228
"1-1 BOTA",2021-07-31,"Treatment",2021,6,"Control",1,1,"BOTA","BOT","A",50.19,50.56,0.3767,1.263,"mg/L",40.0316706254949,20.7575,21.353,0.59805,0.6102,33.6021811387228
"1-1 BOTA",2021-06-01,"Treatment",2021,3,"Control",1,1,"BOTA","BOT","A",32.08,32.34,0.259,0.5117,"mg/L",63.2010943912449,20.7575,21.353,0.59805,0.6102,33.6021811387228
"1-1 BOTA",2021-08-31,"Treatment",2021,8,"Control",1,1,"BOTA","BOT","A",23.81,24.16,0.3523,0.5636,"mg/L",42.8672817601136,20.7575,21.353,0.59805,0.6102,33.6021811387228
"1-1 BOTA",2021-08-10,"Treatment",2021,7,"Control",1,1,"BOTA","BOT","A",64.61,66.16,1.551,1.847,"mg/L",35.8202490525176,20.7575,21.353,0.59805,0.6102,33.6021811387228
"1-1 BOTA",2021-06-27,"Treatment",2021,4,"Control",1,1,"BOTA","BOT","A",30.05,31.12,1.071,0.6416,"mg/L",48.5037406483791,20.7575,21.353,0.59805,0.6102,33.6021811387228
"1-1 BOTA",2021-07-21,"Treatment",2021,5,"Control",1,1,"BOTA","BOT","A",52.41,52.83,0.4208,1.367,"mg/L",38.646671543526,20.7575,21.353,0.59805,0.6102,33.6021811387228
"1-1 BOTC",2021-07-21,"Treatment",2021,5,"Control",1,1,"BOTC","BOT","C",7.91,8.324,0.4133,0.144,"mg/L",57.8055555555556,8.586,10.1765,1.594,0.1662,60.1713785435326
"1-1 BOTC",2021-07-31,"Treatment",2021,6,"Control",1,1,"BOTC","BOT","C",7.797,8.314,0.517,0.1085,"mg/L",76.6267281105991,8.586,10.1765,1.594,0.1662,60.1713785435326
"1-1 BOTC",2021-09-29,"Treatment",2021,10,"Control",1,1,"BOTC","BOT","C",27.19,27.69,0.5006,0.5437,"mg/L",50.9288210410153,8.586,10.1765,1.594,0.1662,60.1713785435326
"1-1 BOTC",2021-09-09,"Treatment",2021,9,"Control",1,1,"BOTC","BOT","C",10.29,11,0.7042,0.3429,"mg/L",32.0793234179061,8.586,10.1765,1.594,0.1662,60.1713785435326
"1-1 BOTC",2021-10-24,"Treatment",2021,11,"Control",1,1,"BOTC","BOT","C",15.21,15.55,0.3423,0.2774,"mg/L",56.056236481615,8.586,10.1765,1.594,0.1662,60.1713785435326
"1-1 BOTC",2021-06-27,"Treatment",2021,4,"Control",1,1,"BOTC","BOT","C",7.059,9.283,2.224,0.1568,"mg/L",59.202806122449,8.586,10.1765,1.594,0.1662,60.1713785435326
"1-1 BOTC",2021-08-31,"Treatment",2021,8,"Control",1,1,"BOTC","BOT","C",6.486,7.208,0.722,0.3454,"mg/L",20.868558193399,8.586,10.1765,1.594,0.1662,60.1713785435326
"1-1 BOTC",2021-08-10,"Treatment",2021,7,"Control",1,1,"BOTC","BOT","C",7.248,7.946,0.6982,0.2381,"mg/L",33.372532549349,8.586,10.1765,1.594,0.1662,60.1713785435326
"1-1 BOTC",2021-06-01,"Treatment",2021,3,"Control",1,1,"BOTC","BOT","C",6.786,7.955,1.169,0.1074,"mg/L",74.0689013035382,8.586,10.1765,1.594,0.1662,60.1713785435326
"1-1 MIDA",2021-07-21,"Treatment",2021,5,"Control",1,1,"MIDA","MID","A",12.34,13.38,1.036,1.848,"mg/L",7.24025974025974,10.013,10.812,0.79765,0.241,49.45331802344
"1-1 MIDA",2021-07-31,"Treatment",2021,6,"Control",1,1,"MIDA","MID","A",34.56,35.01,0.4475,4.689,"mg/L",7.46641074856046,10.013,10.812,0.79765,0.241,49.45331802344
"1-1 MIDA",2021-08-31,"Treatment",2021,8,"Control",1,1,"MIDA","MID","A",157.6,158,0.4218,9.255,"mg/L",17.0718530524041,10.013,10.812,0.79765,0.241,49.45331802344
"1-1 MIDA",2021-06-27,"Treatment",2021,4,"Control",1,1,"MIDA","MID","A",12.52,13.13,0.6073,0.2237,"mg/L",58.6946803755029,10.013,10.812,0.79765,0.241,49.45331802344
"1-1 MIDA",2021-09-29,"Treatment",2021,10,"Control",1,1,"MIDA","MID","A",1.305,2.155,0.8501,0,"mg/L",NA,10.013,10.812,0.79765,0.241,49.45331802344
"1-1 MIDA",2021-08-10,"Treatment",2021,7,"Control",1,1,"MIDA","MID","A",143.5,144.2,0.6846,13.29,"mg/L",10.8502633559067,10.013,10.812,0.79765,0.241,49.45331802344
"1-1 MIDA",2021-06-01,"Treatment",2021,3,"Control",1,1,"MIDA","MID","A",7.467,8.217,0.7496,0.1188,"mg/L",69.1666666666667,10.013,10.812,0.79765,0.241,49.45331802344
"1-1 MIDC",2021-09-09,"Treatment",2021,9,"Control",1,1,"MIDC","MID","C",2.216,3.198,0.9829,0.1171,"mg/L",27.3099914602904,1.6645,3.1365,1.4715,0.0638,31.2931034482759
"1-1 MIDC",2021-09-29,"Treatment",2021,10,"Control",1,1,"MIDC","MID","C",59.43,59.81,0.383,1.325,"mg/L",45.1396226415094,1.6645,3.1365,1.4715,0.0638,31.2931034482759
"1-1 MIDC",2021-06-01,"Treatment",2021,3,"Control",1,1,"MIDC","MID","C",1.357,2.97,1.613,0,"mg/L",NA,1.6645,3.1365,1.4715,0.0638,31.2931034482759
"1-1 MIDC",2021-06-27,"Treatment",2021,4,"Control",1,1,"MIDC","MID","C",1.536,2.793,1.258,0,"mg/L",NA,1.6645,3.1365,1.4715,0.0638,31.2931034482759
"1-1 MIDC",2021-10-24,"Treatment",2021,11,"Control",1,1,"MIDC","MID","C",4.381,4.885,0.5045,0.09823,"mg/L",49.7302249821847,1.6645,3.1365,1.4715,0.0638,31.2931034482759
"1-1 TOPA",2021-09-09,"Treatment",2021,9,"Control",1,1,"TOPA","TOP","A",200.1,200.4,0.2126,19.15,"mg/L",10.4647519582245,32.33,33.125,0.79555,0.79555,42.0389971845346
"1-1 TOPA",2021-08-31,"Treatment",2021,8,"Control",1,1,"TOPA","TOP","A",328.4,328.8,0.3811,28.52,"mg/L",11.5287517531557,32.33,33.125,0.79555,0.79555,42.0389971845346
"1-1 TOPA",2021-07-31,"Treatment",2021,6,"Control",1,1,"TOPA","TOP","A",42.57,43.07,0.4949,5.3,"mg/L",8.12641509433962,32.33,33.125,0.79555,0.79555,42.0389971845346
"1-1 TOPA",2021-08-10,"Treatment",2021,7,"Control",1,1,"TOPA","TOP","A",213.2,214,0.7814,23.09,"mg/L",9.26808142052837,32.33,33.125,0.79555,0.79555,42.0389971845346
"1-1 TOPA",2021-09-29,"Treatment",2021,10,"Control",1,1,"TOPA","TOP","A",114.6,115,0.4302,4.659,"mg/L",24.6834084567504,32.33,33.125,0.79555,0.79555,42.0389971845346
"1-1 TOPA",2021-06-01,"Treatment",2021,3,"Control",1,1,"TOPA","TOP","A",26.73,27.17,0.4395,0.6509,"mg/L",41.7422031033953,32.33,33.125,0.79555,0.79555,42.0389971845346
"1-1BOTA",2023-06-25,"Post-treatment",2023,1,"Control",1,1,"BOTA","BOT","A",23.11,29.96,6.845,0.7561,"mg/L",39.6243883084248,36.9462719826085,37.4086884734891,0.460576489480533,0.871690523064,52.0303679456741
"1-1BOTA",2023-07-19,"Post-treatment",2023,2,"Control",1,1,"BOTA","BOT","A",28.4,29.42,1.015,0.915,"mg/L",32.1530054644809,36.9462719826085,37.4086884734891,0.460576489480533,0.871690523064,52.0303679456741
"1-1BOTA",2022-05-22,"Treatment",2022,1,"Control",1,1,"BOTA","BOT","A",22.91,26.58,3.67,0.388,"mg/L",68.5051546391752,36.9462719826085,37.4086884734891,0.460576489480533,0.871690523064,52.0303679456741
"1-1BOTC",2022-06-22,"Treatment",2022,4,"Control",1,1,"BOTC","BOT","C",7.678,10.13,2.454,0.1604,"mg/L",63.1546134663342,4.56972959084381,5.22606252641867,0.656332935717714,0.275476427805714,27.9031018622748
"1-1BOTC",2022-08-05,"Treatment",2022,7,"Control",1,1,"BOTC","BOT","C",4.342,5.562,1.219,0.1265,"mg/L",43.9683794466403,4.56972959084381,5.22606252641867,0.656332935717714,0.275476427805714,27.9031018622748
"1-1BOTC",2022-07-31,"Treatment",2022,6,"Control",1,1,"BOTC","BOT","C",6.985,10.17,3.181,0.1597,"mg/L",63.6819035691922,4.56972959084381,5.22606252641867,0.656332935717714,0.275476427805714,27.9031018622748
"1-1BOTC",2022-10-11,"Treatment",2022,10,"Control",1,1,"BOTC","BOT","C",5.654,9.152,3.498,0.3904,"mg/L",23.4426229508197,4.56972959084381,5.22606252641867,0.656332935717714,0.275476427805714,27.9031018622748
"1-1BOTC",2023-06-25,"Post-treatment",2023,1,"Control",1,1,"BOTC","BOT","C",6.14,9.164,3.024,0.5149,"mg/L",17.797630607885,4.56972959084381,5.22606252641867,0.656332935717714,0.275476427805714,27.9031018622748
"1-1BOTC",2022-05-22,"Treatment",2022,1,"Control",1,1,"BOTC","BOT","C",6.076,10.28,4.2,0.1286,"mg/L",79.9377916018663,4.56972959084381,5.22606252641867,0.656332935717714,0.275476427805714,27.9031018622748
"1-1BOTC",2022-05-27,"Treatment",2022,2,"Control",1,1,"BOTC","BOT","C",4.826,7.254,2.428,0.1076,"mg/L",67.4163568773234,4.56972959084381,5.22606252641867,0.656332935717714,0.275476427805714,27.9031018622748
"1-1BOTC",2022-06-01,"Treatment",2022,3,"Control",1,1,"BOTC","BOT","C",5.946,7.211,1.265,0.1155,"mg/L",62.4329004329004,4.56972959084381,5.22606252641867,0.656332935717714,0.275476427805714,27.9031018622748
"1-1BOTC",2022-08-21,"Treatment",2022,8,"Control",1,1,"BOTC","BOT","C",2.291,2.932,0.6408,0.04273,"mg/L",68.6168967938217,4.56972959084381,5.22606252641867,0.656332935717714,0.275476427805714,27.9031018622748
"1-1BOTC",2023-07-19,"Post-treatment",2023,2,"Control",1,1,"BOTC","BOT","C",5.697,7.892,2.195,0.5263,"mg/L",14.9952498574957,4.56972959084381,5.22606252641867,0.656332935717714,0.275476427805714,27.9031018622748
"1-1BOTC",2022-07-11,"Treatment",2022,5,"Control",1,1,"BOTC","BOT","C",4.952,8.695,3.743,0.09879,"mg/L",88.0149812734082,4.56972959084381,5.22606252641867,0.656332935717714,0.275476427805714,27.9031018622748
"1-1BOTC",2022-09-12,"Treatment",2022,9,"Control",1,1,"BOTC","BOT","C",3.967,4.899,0.9322,0.09439,"mg/L",51.9016845004767,4.56972959084381,5.22606252641867,0.656332935717714,0.275476427805714,27.9031018622748
"1-1MIDA",2023-06-25,"Post-treatment",2023,1,"Control",1,1,"MIDA","MID","A",10.67,11.98,1.314,0.8453,"mg/L",14.1724831420797,6.27847841835133,6.65518352052089,0.376721768169555,0.310824162426667,27.8218655106338
"1-1MIDA",2022-05-22,"Treatment",2022,1,"Control",1,1,"MIDA","MID","A",8.675,10.09,1.412,0.1778,"mg/L",56.7491563554556,6.27847841835133,6.65518352052089,0.376721768169555,0.310824162426667,27.8218655106338
"1-1MIDA",2022-07-31,"Treatment",2022,6,"Control",1,1,"MIDA","MID","A",49.83,50.44,0.6079,2.059,"mg/L",24.4973288003885,6.27847841835133,6.65518352052089,0.376721768169555,0.310824162426667,27.8218655106338
"1-1MIDA",2023-07-19,"Post-treatment",2023,2,"Control",1,1,"MIDA","MID","A",10.55,11.36,0.8116,0.8481,"mg/L",13.3946468576819,6.27847841835133,6.65518352052089,0.376721768169555,0.310824162426667,27.8218655106338
"1-1MIDA",2022-05-27,"Treatment",2022,2,"Control",1,1,"MIDA","MID","A",7.533,8.936,1.403,0.1356,"mg/L",65.8997050147493,6.27847841835133,6.65518352052089,0.376721768169555,0.310824162426667,27.8218655106338
"1-1MIDA",2022-08-05,"Treatment",2022,7,"Control",1,1,"MIDA","MID","A",49.64,50.04,0.4029,1.86,"mg/L",26.9032258064516,6.27847841835133,6.65518352052089,0.376721768169555,0.310824162426667,27.8218655106338
"1-1MIDA",2022-10-11,"Treatment",2022,10,"Control",1,1,"MIDA","MID","A",44.33,45.44,1.114,1.235,"mg/L",36.7935222672065,6.27847841835133,6.65518352052089,0.376721768169555,0.310824162426667,27.8218655106338
"1-1MIDC",2022-05-22,"Treatment",2022,1,"Control",1,1,"MIDC","MID","C",1.832,5.155,3.323,0.05244,"mg/L",98.302822273074,2.32200948636267,2.93122397203809,0.609071628532571,0.13330571392,37.7741536150255
"1-1MIDC",2023-06-25,"Post-treatment",2023,1,"Control",1,1,"MIDC","MID","C",2.719,5.211,2.492,0.4699,"mg/L",11.0895935305384,2.32200948636267,2.93122397203809,0.609071628532571,0.13330571392,37.7741536150255
"1-1MIDC",2022-06-22,"Treatment",2022,4,"Control",1,1,"MIDC","MID","C",1.961,4.079,2.118,0.03446,"mg/L",118.36912362159,2.32200948636267,2.93122397203809,0.609071628532571,0.13330571392,37.7741536150255
"1-1MIDC",2022-07-31,"Treatment",2022,6,"Control",1,1,"MIDC","MID","C",2.263,4.61,2.347,0.09311,"mg/L",49.511330684137,2.32200948636267,2.93122397203809,0.609071628532571,0.13330571392,37.7741536150255
"1-1MIDC",2022-06-01,"Treatment",2022,3,"Control",1,1,"MIDC","MID","C",1.492,3.011,1.519,0,"mg/L",NA,2.32200948636267,2.93122397203809,0.609071628532571,0.13330571392,37.7741536150255
"1-1MIDC",2022-09-12,"Treatment",2022,9,"Control",1,1,"MIDC","MID","C",1.91,2.973,1.064,0.04162,"mg/L",71.4320038443056,2.32200948636267,2.93122397203809,0.609071628532571,0.13330571392,37.7741536150255
"1-1MIDC",2022-05-27,"Treatment",2022,2,"Control",1,1,"MIDC","MID","C",1.616,3.447,1.832,0,"mg/L",NA,2.32200948636267,2.93122397203809,0.609071628532571,0.13330571392,37.7741536150255
"1-1MIDC",2023-07-19,"Post-treatment",2023,2,"Control",1,1,"MIDC","MID","C",1.7,3.051,1.351,0.4037,"mg/L",7.55759227148873,2.32200948636267,2.93122397203809,0.609071628532571,0.13330571392,37.7741536150255
"1-1MIDC",2022-08-05,"Treatment",2022,7,"Control",1,1,"MIDC","MID","C",2.107,3.743,1.636,0.04542,"mg/L",82.408630559225,2.32200948636267,2.93122397203809,0.609071628532571,0.13330571392,37.7741536150255
"1-1MIDC",2022-10-11,"Treatment",2022,10,"Control",1,1,"MIDC","MID","C",2.7,4.22,1.519,0.06807,"mg/L",61.9950051417658,2.32200948636267,2.93122397203809,0.609071628532571,0.13330571392,37.7741536150255
"1-1TOPA",2023-06-25,"Post-treatment",2023,1,"Control",1,1,"TOPA","TOP","A",39.29,41.1,1.803,1.669,"mg/L",24.6255242660276,50.1216676033333,51.0690936733333,0.948092740333333,1.53430358533333,34.4306971460226
"1-1TOPA",2022-07-31,"Treatment",2022,6,"Control",1,1,"TOPA","TOP","A",102,102.9,0.9398,2.375,"mg/L",43.3263157894737,50.1216676033333,51.0690936733333,0.948092740333333,1.53430358533333,34.4306971460226
"1-1TOPA",2023-07-19,"Post-treatment",2023,2,"Control",1,1,"TOPA","TOP","A",19.6,20.49,0.8935,0.9929,"mg/L",20.6365192869373,50.1216676033333,51.0690936733333,0.948092740333333,1.53430358533333,34.4306971460226
"1-1TOPA",2022-06-22,"Treatment",2022,4,"Control",1,1,"TOPA","TOP","A",108.1,108.4,0.3179,3.568,"mg/L",30.3811659192825,50.1216676033333,51.0690936733333,0.948092740333333,1.53430358533333,34.4306971460226
"1-1TOPA",2022-08-21,"Treatment",2022,8,"Control",1,1,"TOPA","TOP","A",28.96,29.33,0.3743,0.6562,"mg/L",44.6967387991466,50.1216676033333,51.0690936733333,0.948092740333333,1.53430358533333,34.4306971460226
"1-1TOPA",2022-09-12,"Treatment",2022,9,"Control",1,1,"TOPA","TOP","A",67.39,67.64,0.2539,1.427,"mg/L",47.4001401541696,50.1216676033333,51.0690936733333,0.948092740333333,1.53430358533333,34.4306971460226
"1-1TOPA",2022-10-11,"Treatment",2022,10,"Control",1,1,"TOPA","TOP","A",89.89,90.72,0.832,1.909,"mg/L",47.5222629649031,50.1216676033333,51.0690936733333,0.948092740333333,1.53430358533333,34.4306971460226
"1-2 BOTA",2021-09-09,"Treatment",2021,9,"Sugar",1,2,"BOTA","BOT","A",10.99,11.29,0.2997,0.2373,"mg/L",47.5769068689423,12.51,13.83,1.32325,0.2865,48.173123740463
"1-2 BOTA",2021-08-31,"Treatment",2021,8,"Sugar",1,2,"BOTA","BOT","A",17.51,17.89,0.3785,0.3967,"mg/L",45.0970506680111,12.51,13.83,1.32325,0.2865,48.173123740463
"1-2 BOTA",2021-10-24,"Treatment",2021,11,"Sugar",1,2,"BOTA","BOT","A",7.856,8.215,0.3592,0.1946,"mg/L",42.2147995889003,12.51,13.83,1.32325,0.2865,48.173123740463
"1-2 BOTA",2021-06-01,"Treatment",2021,3,"Sugar",1,2,"BOTA","BOT","A",14.2,15.05,0.8518,0.3112,"mg/L",48.3611825192802,12.51,13.83,1.32325,0.2865,48.173123740463
"1-2 BOTA",2021-08-10,"Treatment",2021,7,"Sugar",1,2,"BOTA","BOT","A",8.678,9.592,0.9142,0.153,"mg/L",62.6928104575163,12.51,13.83,1.32325,0.2865,48.173123740463
"1-2 BOTA",2021-06-27,"Treatment",2021,4,"Sugar",1,2,"BOTA","BOT","A",8.555,9.213,0.6578,0.1738,"mg/L",53.0092059838895,12.51,13.83,1.32325,0.2865,48.173123740463
"1-2 BOTA",2021-09-29,"Treatment",2021,10,"Sugar",1,2,"BOTA","BOT","A",7.946,8.468,0.522,0.1628,"mg/L",52.014742014742,12.51,13.83,1.32325,0.2865,48.173123740463
"1-2 BOTA",2021-07-31,"Treatment",2021,6,"Sugar",1,2,"BOTA","BOT","A",13.64,14.01,0.3689,0.1854,"mg/L",75.5663430420712,12.51,13.83,1.32325,0.2865,48.173123740463
"1-2 BOTA",2021-07-21,"Treatment",2021,5,"Sugar",1,2,"BOTA","BOT","A",42.87,43.75,0.8812,2.954,"mg/L",14.8104265402844,12.51,13.83,1.32325,0.2865,48.173123740463
"1-2 BOTC",2021-09-09,"Treatment",2021,9,"Sugar",1,2,"BOTC","BOT","C",6.624,6.928,0.3043,0.2178,"mg/L",31.8089990817264,3.8475,6.3465,2.4995,0.09035,47.1223021582734
"1-2 BOTC",2021-09-29,"Treatment",2021,10,"Sugar",1,2,"BOTC","BOT","C",32.09,32.83,0.7378,0.7422,"mg/L",44.2333602802479,3.8475,6.3465,2.4995,0.09035,47.1223021582734
"1-2 BOTC",2021-08-10,"Treatment",2021,7,"Sugar",1,2,"BOTC","BOT","C",11.07,11.89,0.8186,0.2376,"mg/L",50.0420875420875,3.8475,6.3465,2.4995,0.09035,47.1223021582734
"1-2 BOTC",2021-08-31,"Treatment",2021,8,"Sugar",1,2,"BOTC","BOT","C",26.99,27.32,0.3238,0.7508,"mg/L",36.387852956846,3.8475,6.3465,2.4995,0.09035,47.1223021582734
"1-2 BOTC",2021-06-01,"Treatment",2021,3,"Sugar",1,2,"BOTC","BOT","C",17.97,18.58,0.6056,0.3002,"mg/L",61.892071952032,3.8475,6.3465,2.4995,0.09035,47.1223021582734
"1-2 BOTC",2021-10-24,"Treatment",2021,11,"Sugar",1,2,"BOTC","BOT","C",36.17,36.43,0.2527,0.5727,"mg/L",63.6109656015366,3.8475,6.3465,2.4995,0.09035,47.1223021582734
"1-2 BOTC",2021-07-21,"Treatment",2021,5,"Sugar",1,2,"BOTC","BOT","C",76.28,76.66,0.3806,0.1314,"mg/L",583.409436834094,3.8475,6.3465,2.4995,0.09035,47.1223021582734
"1-2 BOTC",2021-06-27,"Treatment",2021,4,"Sugar",1,2,"BOTC","BOT","C",21.35,22.13,0.7784,0.1386,"mg/L",159.66810966811,3.8475,6.3465,2.4995,0.09035,47.1223021582734
"1-2 MIDA",2021-07-31,"Treatment",2021,6,"Sugar",1,2,"MIDA","MID","A",76.28,76.87,0.5897,0.7711,"mg/L",99.6887563221372,16.46,17.16,0.7071,0.7866,21.815408085431
"1-2 MIDA",2021-08-31,"Treatment",2021,8,"Sugar",1,2,"MIDA","MID","A",42.58,42.9,0.3243,0.9863,"mg/L",43.4958937442969,16.46,17.16,0.7071,0.7866,21.815408085431
"1-2 MIDA",2021-08-10,"Treatment",2021,7,"Sugar",1,2,"MIDA","MID","A",53.73,54.37,0.6388,1.068,"mg/L",50.9082397003745,16.46,17.16,0.7071,0.7866,21.815408085431
"1-2 MIDA",2021-07-21,"Treatment",2021,5,"Sugar",1,2,"MIDA","MID","A",186.1,186.5,0.3844,1.076,"mg/L",173.327137546468,16.46,17.16,0.7071,0.7866,21.815408085431
"1-2 MIDA",2021-09-09,"Treatment",2021,9,"Sugar",1,2,"MIDA","MID","A",30.98,31.26,0.2764,0.727,"mg/L",42.9986244841816,16.46,17.16,0.7071,0.7866,21.815408085431
"1-2 MIDC",2021-06-01,"Treatment",2021,3,"Sugar",1,2,"MIDC","MID","C",2.105,2.418,0.3137,0.06115,"mg/L",39.5421095666394,NA,NA,NA,NA,NA
"1-2 TOPA",2021-07-31,"Treatment",2021,6,"Sugar",1,2,"TOPA","TOP","A",269.9,270.2,0.3644,1.595,"mg/L",169.404388714734,98.815,99.55,0.74965,1.8575,53.6145002836233
"1-2 TOPA",2021-09-29,"Treatment",2021,10,"Sugar",1,2,"TOPA","TOP","A",11.63,11.96,0.3281,0.2171,"mg/L",55.0898203592814,98.815,99.55,0.74965,1.8575,53.6145002836233
"1-2 TOPA",2021-06-01,"Treatment",2021,3,"Sugar",1,2,"TOPA","TOP","A",63.9,64.33,0.4311,0.6748,"mg/L",95.3319502074689,98.815,99.55,0.74965,1.8575,53.6145002836233
"1-2 TOPA",2021-07-21,"Treatment",2021,5,"Sugar",1,2,"TOPA","TOP","A",61.62,61.96,0.3323,1.342,"mg/L",46.1698956780924,98.815,99.55,0.74965,1.8575,53.6145002836233
"1-2 TOPA",2021-09-09,"Treatment",2021,9,"Sugar",1,2,"TOPA","TOP","A",73.61,73.98,0.3621,3.845,"mg/L",19.2405721716515,98.815,99.55,0.74965,1.8575,53.6145002836233
"1-2 TOPA",2021-08-31,"Treatment",2021,8,"Sugar",1,2,"TOPA","TOP","A",177,177.4,0.394,7.956,"mg/L",22.2976370035194,98.815,99.55,0.74965,1.8575,53.6145002836233
"1-2 TOPA",2021-06-27,"Treatment",2021,4,"Sugar",1,2,"TOPA","TOP","A",28.34,28.97,0.6233,0.5273,"mg/L",54.9402617106012,98.815,99.55,0.74965,1.8575,53.6145002836233
"1-2 TOPA",2021-08-10,"Treatment",2021,7,"Sugar",1,2,"TOPA","TOP","A",122.9,124.5,1.551,3.286,"mg/L",37.8880097382836,98.815,99.55,0.74965,1.8575,53.6145002836233
"1-2BOTA",2022-06-22,"Treatment",2022,4,"Sugar",1,2,"BOTA","BOT","A",18.38,19.66,1.282,0.3241,"mg/L",60.6602900339401,12.288337667037,12.699239746336,0.408973507870476,0.330760089102857,52.5684955576298
"1-2BOTA",2022-07-31,"Treatment",2022,6,"Sugar",1,2,"BOTA","BOT","A",19.58,22.18,2.596,0.3667,"mg/L",60.4854104172348,12.288337667037,12.699239746336,0.408973507870476,0.330760089102857,52.5684955576298
"1-2BOTA",2023-07-19,"Post-treatment",2023,2,"Sugar",1,2,"BOTA","BOT","A",10.31,11.2,0.8917,0.583,"mg/L",19.2109777015437,12.288337667037,12.699239746336,0.408973507870476,0.330760089102857,52.5684955576298
"1-2BOTA",2022-10-11,"Treatment",2022,10,"Sugar",1,2,"BOTA","BOT","A",16.33,17.84,1.508,0.311,"mg/L",57.3633440514469,12.288337667037,12.699239746336,0.408973507870476,0.330760089102857,52.5684955576298
"1-2BOTA",2022-08-21,"Treatment",2022,8,"Sugar",1,2,"BOTA","BOT","A",12.32,12.7,0.385,0.2565,"mg/L",49.5126705653021,12.288337667037,12.699239746336,0.408973507870476,0.330760089102857,52.5684955576298
"1-2BOTA",2022-06-01,"Treatment",2022,3,"Sugar",1,2,"BOTA","BOT","A",6.636,7.411,0.7747,0.1089,"mg/L",68.0532598714417,12.288337667037,12.699239746336,0.408973507870476,0.330760089102857,52.5684955576298
"1-2BOTA",2022-08-05,"Treatment",2022,7,"Sugar",1,2,"BOTA","BOT","A",16.48,17.55,1.073,0.2948,"mg/L",59.5318860244233,12.288337667037,12.699239746336,0.408973507870476,0.330760089102857,52.5684955576298
"1-2BOTA",2022-05-22,"Treatment",2022,1,"Sugar",1,2,"BOTA","BOT","A",5.121,6.38,1.259,0.5069,"mg/L",12.5863089366739,12.288337667037,12.699239746336,0.408973507870476,0.330760089102857,52.5684955576298
"1-2BOTA",2022-05-27,"Treatment",2022,2,"Sugar",1,2,"BOTA","BOT","A",3.47,7.102,3.632,0.06361,"mg/L",111.649111774878,12.288337667037,12.699239746336,0.408973507870476,0.330760089102857,52.5684955576298
"1-2BOTA",2023-06-25,"Post-treatment",2023,1,"Sugar",1,2,"BOTA","BOT","A",15.2,16.53,1.333,0.6763,"mg/L",24.4418157622357,12.288337667037,12.699239746336,0.408973507870476,0.330760089102857,52.5684955576298
"1-2BOTA",2022-07-11,"Treatment",2022,5,"Sugar",1,2,"BOTA","BOT","A",14.38,15.88,1.492,0.282,"mg/L",56.3120567375887,12.288337667037,12.699239746336,0.408973507870476,0.330760089102857,52.5684955576298
"1-2BOTA",2022-09-12,"Treatment",2022,9,"Sugar",1,2,"BOTA","BOT","A",10.71,11.05,0.3331,0.2176,"mg/L",50.78125,12.288337667037,12.699239746336,0.408973507870476,0.330760089102857,52.5684955576298
"1-2BOTC",2022-06-22,"Treatment",2022,4,"Sugar",1,2,"BOTC","BOT","C",9.464,12.05,2.584,0.1917,"mg/L",62.8586332811685,3.80677416506983,4.34144591284767,0.534746747902833,0.16551457848,31.4113061422251
"1-2BOTC",2022-07-31,"Treatment",2022,6,"Sugar",1,2,"BOTC","BOT","C",2.918,3.769,0.8509,0.05714,"mg/L",65.960798039902,3.80677416506983,4.34144591284767,0.534746747902833,0.16551457848,31.4113061422251
"1-2BOTC",2022-08-21,"Treatment",2022,8,"Sugar",1,2,"BOTC","BOT","C",6.187,6.748,0.561,0.1511,"mg/L",44.6591661151555,3.80677416506983,4.34144591284767,0.534746747902833,0.16551457848,31.4113061422251
"1-2BOTC",2022-05-27,"Treatment",2022,2,"Sugar",1,2,"BOTC","BOT","C",14.19,16.22,2.028,0.238,"mg/L",68.1512605042017,3.80677416506983,4.34144591284767,0.534746747902833,0.16551457848,31.4113061422251
"1-2BOTC",2023-07-19,"Post-treatment",2023,2,"Sugar",1,2,"BOTC","BOT","C",3.871,5.011,1.14,0.4929,"mg/L",10.1663623453033,3.80677416506983,4.34144591284767,0.534746747902833,0.16551457848,31.4113061422251
"1-2BOTC",2022-05-22,"Treatment",2022,1,"Sugar",1,2,"BOTC","BOT","C",18.27,21.66,3.385,0.3014,"mg/L",71.8646317186463,3.80677416506983,4.34144591284767,0.534746747902833,0.16551457848,31.4113061422251
"1-2BOTC",2022-07-11,"Treatment",2022,5,"Sugar",1,2,"BOTC","BOT","C",6.577,7.72,1.143,0.1259,"mg/L",61.31850675139,3.80677416506983,4.34144591284767,0.534746747902833,0.16551457848,31.4113061422251
"1-2BOTC",2022-10-11,"Treatment",2022,10,"Sugar",1,2,"BOTC","BOT","C",6.97,7.949,0.979,0.1566,"mg/L",50.7598978288634,3.80677416506983,4.34144591284767,0.534746747902833,0.16551457848,31.4113061422251
"1-2BOTC",2022-08-05,"Treatment",2022,7,"Sugar",1,2,"BOTC","BOT","C",12.52,14.3,1.775,0.2046,"mg/L",69.8924731182796,3.80677416506983,4.34144591284767,0.534746747902833,0.16551457848,31.4113061422251
"1-2BOTC",2023-06-25,"Post-treatment",2023,1,"Sugar",1,2,"BOTC","BOT","C",5.455,7.04,1.584,0.5026,"mg/L",14.0071627536809,3.80677416506983,4.34144591284767,0.534746747902833,0.16551457848,31.4113061422251
"1-2BOTC",2022-09-12,"Treatment",2022,9,"Sugar",1,2,"BOTC","BOT","C",6.05,6.39,0.3402,0.1326,"mg/L",48.1900452488688,3.80677416506983,4.34144591284767,0.534746747902833,0.16551457848,31.4113061422251
"1-2BOTC",2022-06-01,"Treatment",2022,3,"Sugar",1,2,"BOTC","BOT","C",10.49,12.66,2.165,0.207,"mg/L",61.1594202898551,3.80677416506983,4.34144591284767,0.534746747902833,0.16551457848,31.4113061422251
"1-2MIDA",NA,NA,NA,NA,NA,NA,NA,NA,NA,NA,NA,NA,NA,NA,NA,NA,12.815391665,13.011763355,0.1963716925,0.8022818885,17.0096330889339
"1-2MIDC",NA,NA,NA,NA,NA,NA,NA,NA,NA,NA,NA,NA,NA,NA,NA,NA,10.7325773602107,11.024798516224,0.292221156013333,0.90530686316,12.177968559458
"1-2TOPA",2022-06-22,"Treatment",2022,4,"Sugar",1,2,"TOPA","TOP","A",75.16,75.82,0.6626,1.354,"mg/L",55.9970457902511,43.4769783296904,43.8714412043797,0.394542874889333,1.177213673176,45.3446229267335
"1-2TOPA",2022-07-31,"Treatment",2022,6,"Sugar",1,2,"TOPA","TOP","A",29.52,31.38,1.867,0.4679,"mg/L",67.0656123103227,43.4769783296904,43.8714412043797,0.394542874889333,1.177213673176,45.3446229267335
"1-2TOPA",2022-08-21,"Treatment",2022,8,"Sugar",1,2,"TOPA","TOP","A",44.35,44.82,0.4728,1.298,"mg/L",34.5300462249615,43.4769783296904,43.8714412043797,0.394542874889333,1.177213673176,45.3446229267335
"1-2TOPA",2023-07-19,"Post-treatment",2023,2,"Sugar",1,2,"TOPA","TOP","A",45.47,46.36,0.888,1.526,"mg/L",30.3800786369594,43.4769783296904,43.8714412043797,0.394542874889333,1.177213673176,45.3446229267335
"1-2TOPA",2022-05-22,"Treatment",2022,1,"Sugar",1,2,"TOPA","TOP","A",14.61,15.36,0.7538,0.2844,"mg/L",54.0084388185654,43.4769783296904,43.8714412043797,0.394542874889333,1.177213673176,45.3446229267335
"1-2TOPA",2023-06-25,"Post-treatment",2023,1,"Sugar",1,2,"TOPA","TOP","A",19.14,22.89,3.749,0.687,"mg/L",33.3187772925764,43.4769783296904,43.8714412043797,0.394542874889333,1.177213673176,45.3446229267335
"1-2TOPA",2022-09-12,"Treatment",2022,9,"Sugar",1,2,"TOPA","TOP","A",52.17,52.47,0.293,1.179,"mg/L",44.5038167938931,43.4769783296904,43.8714412043797,0.394542874889333,1.177213673176,45.3446229267335
"1-2TOPA",2022-10-11,"Treatment",2022,10,"Sugar",1,2,"TOPA","TOP","A",42.3,43.6,1.298,0.8835,"mg/L",49.3491794001132,43.4769783296904,43.8714412043797,0.394542874889333,1.177213673176,45.3446229267335
"1-3 BOTA",2021-07-31,"Treatment",2021,6,"Band",1,3,"BOTA","BOT","A",47.41,47.74,0.3297,3.792,"mg/L",12.5896624472574,8.2635,9.395,1.13245,0.2237,43.0616864386994
"1-3 BOTA",2021-06-01,"Treatment",2021,3,"Band",1,3,"BOTA","BOT","A",7.221,7.873,0.6518,0.1286,"mg/L",61.2208398133748,8.2635,9.395,1.13245,0.2237,43.0616864386994
"1-3 BOTA",2021-09-29,"Treatment",2021,10,"Band",1,3,"BOTA","BOT","A",3.691,4.259,0.5684,0.1253,"mg/L",33.9904229848364,8.2635,9.395,1.13245,0.2237,43.0616864386994
"1-3 BOTA",2021-08-31,"Treatment",2021,8,"Band",1,3,"BOTA","BOT","A",62.98,63.48,0.5037,3.877,"mg/L",16.3734846530823,8.2635,9.395,1.13245,0.2237,43.0616864386994
"1-3 BOTA",2021-06-27,"Treatment",2021,4,"Band",1,3,"BOTA","BOT","A",11.69,12.31,0.6233,0.2709,"mg/L",45.4411221853082,8.2635,9.395,1.13245,0.2237,43.0616864386994
"1-3 BOTA",2021-09-09,"Treatment",2021,9,"Band",1,3,"BOTA","BOT","A",70.54,70.96,0.4227,4.724,"mg/L",15.0211685012701,8.2635,9.395,1.13245,0.2237,43.0616864386994
"1-3 BOTA",2021-08-10,"Treatment",2021,7,"Band",1,3,"BOTA","BOT","A",118.9,119.7,0.8298,9.223,"mg/L",12.9784235064513,8.2635,9.395,1.13245,0.2237,43.0616864386994
"1-3 BOTA",2021-10-24,"Treatment",2021,11,"Band",1,3,"BOTA","BOT","A",4.21,4.538,0.3284,0.09243,"mg/L",49.0966136535757,8.2635,9.395,1.13245,0.2237,43.0616864386994
"1-3 BOTA",2021-07-21,"Treatment",2021,5,"Band",1,3,"BOTA","BOT","A",33.24,33.73,0.4872,3.388,"mg/L",9.95572609208973,8.2635,9.395,1.13245,0.2237,43.0616864386994
"1-3 BOTC",2021-08-10,"Treatment",2021,7,"Band",1,3,"BOTC","BOT","C",8.553,9.065,0.512,0.5067,"mg/L",17.8902703769489,3.362,4.5265,1.16465,0.0591,44.2301184433164
"1-3 BOTC",2021-10-24,"Treatment",2021,11,"Band",1,3,"BOTC","BOT","C",76.42,76.66,0.2364,7.455,"mg/L",10.2830315224681,3.362,4.5265,1.16465,0.0591,44.2301184433164
"1-3 BOTC",2021-09-09,"Treatment",2021,9,"Band",1,3,"BOTC","BOT","C",29.36,29.88,0.5206,0.7859,"mg/L",38.0201043389744,3.362,4.5265,1.16465,0.0591,44.2301184433164
"1-3 BOTC",2021-07-21,"Treatment",2021,5,"Band",1,3,"BOTC","BOT","C",4.667,5.127,0.4602,0.1763,"mg/L",29.08111174135,3.362,4.5265,1.16465,0.0591,44.2301184433164
"1-3 BOTC",2021-09-29,"Treatment",2021,10,"Band",1,3,"BOTC","BOT","C",68.38,68.83,0.4489,7.013,"mg/L",9.81462997290746,3.362,4.5265,1.16465,0.0591,44.2301184433164
"1-3 BOTC",2021-06-01,"Treatment",2021,3,"Band",1,3,"BOTC","BOT","C",2.841,3.409,0.5675,0,"mg/L",NA,3.362,4.5265,1.16465,0.0591,44.2301184433164
"1-3 BOTC",2021-07-31,"Treatment",2021,6,"Band",1,3,"BOTC","BOT","C",9.108,9.443,0.3347,0.3225,"mg/L",29.2806201550388,3.362,4.5265,1.16465,0.0591,44.2301184433164
"1-3 BOTC",2021-06-27,"Treatment",2021,4,"Band",1,3,"BOTC","BOT","C",4.022,4.884,0.8617,0.1896,"mg/L",25.7594936708861,3.362,4.5265,1.16465,0.0591,44.2301184433164
"1-3 BOTC",2021-08-31,"Treatment",2021,8,"Band",1,3,"BOTC","BOT","C",4.588,5.115,0.5271,0.1706,"mg/L",29.9824150058617,3.362,4.5265,1.16465,0.0591,44.2301184433164
"1-3 MIDA",2021-09-29,"Treatment",2021,10,"Band",1,3,"MIDA","MID","A",3.406,3.924,0.5179,0.1011,"mg/L",38.813056379822,15.94,16.515,0.5755,0.32295,51.1419262496196
"1-3 MIDA",2021-06-27,"Treatment",2021,4,"Band",1,3,"MIDA","MID","A",23.1,23.58,0.4784,0.4871,"mg/L",48.4089509340998,15.94,16.515,0.5755,0.32295,51.1419262496196
"1-3 MIDA",2021-10-24,"Treatment",2021,11,"Band",1,3,"MIDA","MID","A",3.314,3.607,0.293,0.09911,"mg/L",36.3939057612753,15.94,16.515,0.5755,0.32295,51.1419262496196
"1-3 MIDA",2021-06-01,"Treatment",2021,3,"Band",1,3,"MIDA","MID","A",19.23,19.57,0.3358,0.29,"mg/L",67.4827586206897,15.94,16.515,0.5755,0.32295,51.1419262496196
"1-3 MIDA",2021-08-10,"Treatment",2021,7,"Band",1,3,"MIDA","MID","A",24.04,24.47,0.43,0.6799,"mg/L",35.9905868510075,15.94,16.515,0.5755,0.32295,51.1419262496196
"1-3 MIDC",2021-06-01,"Treatment",2021,3,"Band",1,3,"MIDC","MID","C",5.428,5.67,0.2416,0,"mg/L",NA,3.078,4.0075,0.9302,0.0639,45.6964006259781
"1-3 MIDC",2021-06-27,"Treatment",2021,4,"Band",1,3,"MIDC","MID","C",3.382,3.944,0.5618,0.09439,"mg/L",41.7840872973832,3.078,4.0075,0.9302,0.0639,45.6964006259781
"1-3 MIDC",2021-10-24,"Treatment",2021,11,"Band",1,3,"MIDC","MID","C",10.2,10.55,0.3507,0.2456,"mg/L",42.9560260586319,3.078,4.0075,0.9302,0.0639,45.6964006259781
"1-3 MIDC",2021-09-09,"Treatment",2021,9,"Band",1,3,"MIDC","MID","C",5.046,5.426,0.3797,0.188,"mg/L",28.8617021276596,3.078,4.0075,0.9302,0.0639,45.6964006259781
"1-3 MIDC",2021-08-31,"Treatment",2021,8,"Band",1,3,"MIDC","MID","C",8.364,8.654,0.2905,0.3926,"mg/L",22.0427916454407,3.078,4.0075,0.9302,0.0639,45.6964006259781
"1-3 MIDC",2021-09-29,"Treatment",2021,10,"Band",1,3,"MIDC","MID","C",15.45,15.99,0.5355,0.4805,"mg/L",33.2778355879292,3.078,4.0075,0.9302,0.0639,45.6964006259781
"1-3 TOPA",2021-06-01,"Treatment",2021,3,"Band",1,3,"TOPA","TOP","A",9.178,9.557,0.3799,0.1849,"mg/L",51.6873985938345,25.92,26.87,0.95165,0.57575,47.168225356364
"1-3 TOPA",2021-07-21,"Treatment",2021,5,"Band",1,3,"TOPA","TOP","A",10.69,11.24,0.5545,2.177,"mg/L",5.16306844281121,25.92,26.87,0.95165,0.57575,47.168225356364
"1-3 TOPA",2021-08-10,"Treatment",2021,7,"Band",1,3,"TOPA","TOP","A",33.78,34.51,0.728,1.619,"mg/L",21.3156269302038,25.92,26.87,0.95165,0.57575,47.168225356364
"1-3 TOPA",2021-06-27,"Treatment",2021,4,"Band",1,3,"TOPA","TOP","A",22.08,22.5,0.4159,0.7866,"mg/L",28.604118993135,25.92,26.87,0.95165,0.57575,47.168225356364
"1-3 TOPA",2021-07-31,"Treatment",2021,6,"Band",1,3,"TOPA","TOP","A",19.42,19.83,0.4138,3.733,"mg/L",5.31208143584249,25.92,26.87,0.95165,0.57575,47.168225356364
"1-3 TOPA",2021-09-09,"Treatment",2021,9,"Band",1,3,"TOPA","TOP","A",30.47,30.78,0.3083,0.8255,"mg/L",37.2864930345245,25.92,26.87,0.95165,0.57575,47.168225356364
"1-3 TOPA",2021-09-29,"Treatment",2021,10,"Band",1,3,"TOPA","TOP","A",23.88,24.29,0.4094,0.528,"mg/L",46.0037878787879,25.92,26.87,0.95165,0.57575,47.168225356364
"1-3BOTA",2022-06-22,"Treatment",2022,4,"Band",1,3,"BOTA","BOT","A",10.51,11.48,0.9677,0.2055,"mg/L",55.8637469586375,12.4031285376932,12.8285619343573,0.426245896914167,0.48045069096,31.8542239554933
"1-3BOTA",2022-07-31,"Treatment",2022,6,"Band",1,3,"BOTA","BOT","A",16.65,18.61,1.956,0.3786,"mg/L",49.1547807712625,12.4031285376932,12.8285619343573,0.426245896914167,0.48045069096,31.8542239554933
"1-3BOTA",2022-10-11,"Treatment",2022,10,"Band",1,3,"BOTA","BOT","A",14.43,16.55,2.115,0.3283,"mg/L",50.4112092598233,12.4031285376932,12.8285619343573,0.426245896914167,0.48045069096,31.8542239554933
"1-3BOTA",2023-07-19,"Post-treatment",2023,2,"Band",1,3,"BOTA","BOT","A",5.246,6.235,0.989,0.4987,"mg/L",12.5025065169441,12.4031285376932,12.8285619343573,0.426245896914167,0.48045069096,31.8542239554933
"1-3BOTA",2022-05-27,"Treatment",2022,2,"Band",1,3,"BOTA","BOT","A",3.33,4.847,1.517,0.06168,"mg/L",78.583009079118,12.4031285376932,12.8285619343573,0.426245896914167,0.48045069096,31.8542239554933
"1-3BOTA",2022-08-05,"Treatment",2022,7,"Band",1,3,"BOTA","BOT","A",15.7,17.11,1.418,0.3334,"mg/L",51.3197360527894,12.4031285376932,12.8285619343573,0.426245896914167,0.48045069096,31.8542239554933
"1-3BOTA",2023-06-25,"Post-treatment",2023,1,"Band",1,3,"BOTA","BOT","A",12.86,15.71,2.851,0.7299,"mg/L",21.5234963693657,12.4031285376932,12.8285619343573,0.426245896914167,0.48045069096,31.8542239554933
"1-3BOTA",2022-05-22,"Treatment",2022,1,"Band",1,3,"BOTA","BOT","A",7.897,10.3,2.4,0.1892,"mg/L",54.4397463002114,12.4031285376932,12.8285619343573,0.426245896914167,0.48045069096,31.8542239554933
"1-3BOTA",2022-06-01,"Treatment",2022,3,"Band",1,3,"BOTA","BOT","A",7.576,8.558,0.9823,0.1383,"mg/L",61.879971077368,12.4031285376932,12.8285619343573,0.426245896914167,0.48045069096,31.8542239554933
"1-3BOTC",2022-10-11,"Treatment",2022,10,"Band",1,3,"BOTC","BOT","C",4.098,5.85,1.752,0.1187,"mg/L",49.2839090143218,4.39408845967289,4.91444222652311,0.520337100350222,0.265372388666667,28.6803343638012
"1-3BOTC",2022-05-22,"Treatment",2022,1,"Band",1,3,"BOTC","BOT","C",3.653,5.909,2.256,0.08267,"mg/L",71.4769565743317,4.39408845967289,4.91444222652311,0.520337100350222,0.265372388666667,28.6803343638012
"1-3BOTC",2022-08-21,"Treatment",2022,8,"Band",1,3,"BOTC","BOT","C",3.917,4.87,0.9527,0.1236,"mg/L",39.4012944983819,4.39408845967289,4.91444222652311,0.520337100350222,0.265372388666667,28.6803343638012
"1-3BOTC",2022-06-22,"Treatment",2022,4,"Band",1,3,"BOTC","BOT","C",3.543,4.974,1.431,0.09791,"mg/L",50.8017567153508,4.39408845967289,4.91444222652311,0.520337100350222,0.265372388666667,28.6803343638012
"1-3BOTC",2023-06-25,"Post-treatment",2023,1,"Band",1,3,"BOTC","BOT","C",3.19,4.616,1.427,0.4701,"mg/L",9.81918740693469,4.39408845967289,4.91444222652311,0.520337100350222,0.265372388666667,28.6803343638012
"1-3BOTC",2022-06-01,"Treatment",2022,3,"Band",1,3,"BOTC","BOT","C",2.742,3.612,0.8697,0.0429,"mg/L",84.1958041958042,4.39408845967289,4.91444222652311,0.520337100350222,0.265372388666667,28.6803343638012
"1-3BOTC",2022-05-27,"Treatment",2022,2,"Band",1,3,"BOTC","BOT","C",10.65,11.96,1.305,0.186,"mg/L",64.3010752688172,4.39408845967289,4.91444222652311,0.520337100350222,0.265372388666667,28.6803343638012
"1-3BOTC",2022-09-12,"Treatment",2022,9,"Band",1,3,"BOTC","BOT","C",4.059,4.529,0.4703,0.1363,"mg/L",33.2281731474688,4.39408845967289,4.91444222652311,0.520337100350222,0.265372388666667,28.6803343638012
"1-3BOTC",2023-07-19,"Post-treatment",2023,2,"Band",1,3,"BOTC","BOT","C",12.65,13.83,1.175,0.6459,"mg/L",21.4119832791454,4.39408845967289,4.91444222652311,0.520337100350222,0.265372388666667,28.6803343638012
"1-3BOTC",2022-08-05,"Treatment",2022,7,"Band",1,3,"BOTC","BOT","C",5.92,7.507,1.587,0.1885,"mg/L",39.8249336870026,4.39408845967289,4.91444222652311,0.520337100350222,0.265372388666667,28.6803343638012
"1-3BOTC",2022-07-11,"Treatment",2022,5,"Band",1,3,"BOTC","BOT","C",4.078,7.094,3.017,0.09363,"mg/L",75.7663142155292,4.39408845967289,4.91444222652311,0.520337100350222,0.265372388666667,28.6803343638012
"1-3MIDA",2022-05-22,"Treatment",2022,1,"Band",1,3,"MIDA","MID","A",13.39,14.9,1.51,0.2465,"mg/L",60.446247464503,25.4109904258907,25.6972287481131,0.2868183234224,0.537410161736,65.36669370543
"1-3MIDA",2022-05-27,"Treatment",2022,2,"Band",1,3,"MIDA","MID","A",9.515,10.19,0.6736,0.1642,"mg/L",62.0584652862363,25.4109904258907,25.6972287481131,0.2868183234224,0.537410161736,65.36669370543
"1-3MIDA",2023-07-19,"Post-treatment",2023,2,"Band",1,3,"MIDA","MID","A",21.35,22.34,0.9911,0.9836,"mg/L",22.7124847498983,25.4109904258907,25.6972287481131,0.2868183234224,0.537410161736,65.36669370543
"1-3MIDA",2023-06-25,"Post-treatment",2023,1,"Band",1,3,"MIDA","MID","A",22.84,24.12,1.28,1.007,"mg/L",23.9523336643496,25.4109904258907,25.6972287481131,0.2868183234224,0.537410161736,65.36669370543
"1-3MIDA",2022-06-01,"Treatment",2022,3,"Band",1,3,"MIDA","MID","A",12.82,13.3,0.4795,0.2016,"mg/L",65.9722222222222,25.4109904258907,25.6972287481131,0.2868183234224,0.537410161736,65.36669370543
"1-3MIDC",2022-06-22,"Treatment",2022,4,"Band",1,3,"MIDC","MID","C",4.218,5.089,0.8714,0.1183,"mg/L",43.0177514792899,4.22404495885433,4.56567193507267,0.341626976218333,0.20284933514,35.7200566915558
"1-3MIDC",2022-06-01,"Treatment",2022,3,"Band",1,3,"MIDC","MID","C",2.78,3.465,0.6857,0.05788,"mg/L",59.8652384243262,4.22404495885433,4.56567193507267,0.341626976218333,0.20284933514,35.7200566915558
"1-3MIDC",2022-05-22,"Treatment",2022,1,"Band",1,3,"MIDC","MID","C",3.278,3.932,0.654,0.09727,"mg/L",40.4235632774751,4.22404495885433,4.56567193507267,0.341626976218333,0.20284933514,35.7200566915558
"1-3TOPA",2022-06-01,"Treatment",2022,3,"Band",1,3,"TOPA","TOP","A",28,29.27,1.268,0.4634,"mg/L",63.1635735865343,21.7602537900573,22.1440140398227,0.384385247765333,0.6894577339,42.4605908359163
"1-3TOPA",2022-10-11,"Treatment",2022,10,"Band",1,3,"TOPA","TOP","A",34.34,35.15,0.8016,0.8955,"mg/L",39.2518146286991,21.7602537900573,22.1440140398227,0.384385247765333,0.6894577339,42.4605908359163
"1-3TOPA",2022-08-21,"Treatment",2022,8,"Band",1,3,"TOPA","TOP","A",16.81,17.62,0.8135,1.191,"mg/L",14.7942905121746,21.7602537900573,22.1440140398227,0.384385247765333,0.6894577339,42.4605908359163
"1-3TOPA",2022-09-12,"Treatment",2022,9,"Band",1,3,"TOPA","TOP","A",20.16,20.49,0.3264,0.5269,"mg/L",38.8878345037009,21.7602537900573,22.1440140398227,0.384385247765333,0.6894577339,42.4605908359163
"1-3TOPA",2023-07-19,"Post-treatment",2023,2,"Band",1,3,"TOPA","TOP","A",6.106,6.712,0.6068,0.6062,"mg/L",11.0722533817222,21.7602537900573,22.1440140398227,0.384385247765333,0.6894577339,42.4605908359163
"1-3TOPA",2023-06-25,"Post-treatment",2023,1,"Band",1,3,"TOPA","TOP","A",31.33,33.17,1.846,1.071,"mg/L",30.9710550887022,21.7602537900573,22.1440140398227,0.384385247765333,0.6894577339,42.4605908359163
"1-3TOPA",2022-06-22,"Treatment",2022,4,"Band",1,3,"TOPA","TOP","A",32.87,33.49,0.6162,0.8163,"mg/L",41.0265833639593,21.7602537900573,22.1440140398227,0.384385247765333,0.6894577339,42.4605908359163
"1-3TOPA",2022-05-27,"Treatment",2022,2,"Band",1,3,"TOPA","TOP","A",23.05,24.74,1.686,0.4656,"mg/L",53.1357388316151,21.7602537900573,22.1440140398227,0.384385247765333,0.6894577339,42.4605908359163
"1-3TOPA",2022-07-31,"Treatment",2022,6,"Band",1,3,"TOPA","TOP","A",37.23,39.26,2.028,0.7372,"mg/L",53.2555615843733,21.7602537900573,22.1440140398227,0.384385247765333,0.6894577339,42.4605908359163
"2-1 BOTA",2021-08-10,"Treatment",2021,7,"Band",2,1,"BOTA","BOT","A",4.934,5.321,0.3868,0.1466,"mg/L",36.2960436562074,6.4325,7.104,0.67125,0.135715,59.273331380964
"2-1 BOTA",2021-10-24,"Treatment",2021,11,"Band",2,1,"BOTA","BOT","A",1.731,2.25,0.5194,0.04412,"mg/L",50.9972801450589,6.4325,7.104,0.67125,0.135715,59.273331380964
"2-1 BOTA",2021-07-31,"Treatment",2021,6,"Band",2,1,"BOTA","BOT","A",21.98,22.34,0.3591,0.5329,"mg/L",41.9215612685307,6.4325,7.104,0.67125,0.135715,59.273331380964
"2-1 BOTA",2021-07-21,"Treatment",2021,5,"Band",2,1,"BOTA","BOT","A",30.04,30.42,0.388,0.9887,"mg/L",30.7676747243856,6.4325,7.104,0.67125,0.135715,59.273331380964
"2-1 BOTA",2021-09-29,"Treatment",2021,10,"Band",2,1,"BOTA","BOT","A",1.537,2.353,0.8163,0.03702,"mg/L",63.5602377093463,6.4325,7.104,0.67125,0.135715,59.273331380964
"2-1 BOTA",2021-06-27,"Treatment",2021,4,"Band",2,1,"BOTA","BOT","A",19.61,20.11,0.5028,0.368,"mg/L",54.6467391304348,6.4325,7.104,0.67125,0.135715,59.273331380964
"2-1 BOTA",2021-06-01,"Treatment",2021,3,"Band",2,1,"BOTA","BOT","A",4.693,5.114,0.4208,0.06293,"mg/L",81.2648975051645,6.4325,7.104,0.67125,0.135715,59.273331380964
"2-1 BOTC",2021-09-29,"Treatment",2021,10,"Band",2,1,"BOTC","BOT","C",29.96,30.41,0.4531,0.6597,"mg/L",46.0967106260421,1.727,3.205,1.478,0.038305,48.1007701344472
"2-1 BOTC",2021-06-27,"Treatment",2021,4,"Band",2,1,"BOTC","BOT","C",1.665,2.963,1.298,0.08647,"mg/L",34.2662194980918,1.727,3.205,1.478,0.038305,48.1007701344472
"2-1 BOTC",2021-07-31,"Treatment",2021,6,"Band",2,1,"BOTC","BOT","C",4.159,4.949,0.7903,0.3361,"mg/L",14.7247842903898,1.727,3.205,1.478,0.038305,48.1007701344472
"2-1 BOTC",2021-10-24,"Treatment",2021,11,"Band",2,1,"BOTC","BOT","C",4.26,4.853,0.5928,0.206,"mg/L",23.5582524271845,1.727,3.205,1.478,0.038305,48.1007701344472
"2-1 BOTC",2021-07-21,"Treatment",2021,5,"Band",2,1,"BOTC","BOT","C",1.879,2.685,0.8056,0.06776,"mg/L",39.625147579693,1.727,3.205,1.478,0.038305,48.1007701344472
"2-1 BOTC",2021-06-01,"Treatment",2021,3,"Band",2,1,"BOTC","BOT","C",1.192,2.43,1.238,0,"mg/L",NA,1.727,3.205,1.478,0.038305,48.1007701344472
"2-1 BOTC",2021-08-31,"Treatment",2021,8,"Band",2,1,"BOTC","BOT","C",1.964,2.621,0.6567,0.115,"mg/L",22.7913043478261,1.727,3.205,1.478,0.038305,48.1007701344472
"2-1 BOTC",2021-09-09,"Treatment",2021,9,"Band",2,1,"BOTC","BOT","C",11.74,12.19,0.4554,0.3813,"mg/L",31.9695777602937,1.727,3.205,1.478,0.038305,48.1007701344472
"2-1 BOTC",2021-08-10,"Treatment",2021,7,"Band",2,1,"BOTC","BOT","C",1.678,2.799,1.121,0,"mg/L",NA,1.727,3.205,1.478,0.038305,48.1007701344472
"2-1 MIDA",2021-06-27,"Treatment",2021,4,"Band",2,1,"MIDA","MID","A",47.92,48.12,0.2004,1.102,"mg/L",43.6660617059891,30.685,31.15,0.46255,0.4762,76.1410614817242
"2-1 MIDA",2021-08-10,"Treatment",2021,7,"Band",2,1,"MIDA","MID","A",57.26,57.78,0.5232,7.927,"mg/L",7.28901223665952,30.685,31.15,0.46255,0.4762,76.1410614817242
"2-1 MIDA",2021-06-01,"Treatment",2021,3,"Band",2,1,"MIDA","MID","A",40.4,40.71,0.3079,0.4929,"mg/L",82.5928180158247,30.685,31.15,0.46255,0.4762,76.1410614817242
"2-1 MIDA",2021-09-09,"Treatment",2021,9,"Band",2,1,"MIDA","MID","A",1.787,2.793,1.006,0.1612,"mg/L",17.3263027295285,30.685,31.15,0.46255,0.4762,76.1410614817242
"2-1 MIDA",2021-08-31,"Treatment",2021,8,"Band",2,1,"MIDA","MID","A",41.09,41.5,0.4031,1.111,"mg/L",37.3537353735374,30.685,31.15,0.46255,0.4762,76.1410614817242
"2-1 MIDC",2021-06-27,"Treatment",2021,4,"Band",2,1,"MIDC","MID","C",3.219,3.712,0.4933,0.2423,"mg/L",15.3198514238547,4.995,6.005,1.01,0.2475,24.2626262626263
"2-1 MIDC",2021-06-01,"Treatment",2021,3,"Band",2,1,"MIDC","MID","C",2.831,3.197,0.3658,0.09982,"mg/L",32.0276497695853,4.995,6.005,1.01,0.2475,24.2626262626263
"2-1 TOPA",2021-07-31,"Treatment",2021,6,"Band",2,1,"TOPA","TOP","A",30,30.5,0.5007,6.843,"mg/L",4.45710945491743,81.98,82.4,0.4222,1.661,49.6086694762191
"2-1 TOPA",2021-09-29,"Treatment",2021,10,"Band",2,1,"TOPA","TOP","A",19.76,20.25,0.4857,0.4823,"mg/L",41.9863155712212,81.98,82.4,0.4222,1.661,49.6086694762191
"2-1 TOPA",2021-08-10,"Treatment",2021,7,"Band",2,1,"TOPA","TOP","A",58.7,59.34,0.6331,8.018,"mg/L",7.40084809179346,81.98,82.4,0.4222,1.661,49.6086694762191
"2-1 TOPA",2021-10-24,"Treatment",2021,11,"Band",2,1,"TOPA","TOP","A",4.53,4.69,0.1605,0.1244,"mg/L",37.7009646302251,81.98,82.4,0.4222,1.661,49.6086694762191
"2-1 TOPA",2021-08-31,"Treatment",2021,8,"Band",2,1,"TOPA","TOP","A",66.4,66.8,0.4047,7.04,"mg/L",9.48863636363636,81.98,82.4,0.4222,1.661,49.6086694762191
"2-1BOTA",2022-10-11,"Treatment",2022,10,"Band",2,1,"BOTA","BOT","A",51.59,52.69,1.101,1.378,"mg/L",38.2365747460087,7.49817930875,7.8942639585,0.39595964975,0.232266239,37.0260509291292
"2-1BOTA",2022-05-22,"Treatment",2022,1,"Band",2,1,"BOTA","BOT","A",8.812,11.24,2.43,0.1886,"mg/L",59.5970307529162,7.49817930875,7.8942639585,0.39595964975,0.232266239,37.0260509291292
"2-1BOTA",2022-08-21,"Treatment",2022,8,"Band",2,1,"BOTA","BOT","A",1.842,2.989,1.147,0.05491,"mg/L",54.4345292296485,7.49817930875,7.8942639585,0.39595964975,0.232266239,37.0260509291292
"2-1BOTA",2022-07-31,"Treatment",2022,6,"Band",2,1,"BOTA","BOT","A",6.762,8.589,1.826,0.2801,"mg/L",30.6640485540878,7.49817930875,7.8942639585,0.39595964975,0.232266239,37.0260509291292
"2-1BOTA",2023-06-25,"Post-treatment",2023,1,"Band",2,1,"BOTA","BOT","A",10.79,12.27,1.485,0.7092,"mg/L",17.3011844331641,7.49817930875,7.8942639585,0.39595964975,0.232266239,37.0260509291292
"2-1BOTA",2022-06-01,"Treatment",2022,3,"Band",2,1,"BOTA","BOT","A",4.443,5.246,0.8034,0.08167,"mg/L",64.2341128933513,7.49817930875,7.8942639585,0.39595964975,0.232266239,37.0260509291292
"2-1BOTA",2022-07-11,"Treatment",2022,5,"Band",2,1,"BOTA","BOT","A",6.543,9.023,2.48,0.1891,"mg/L",47.7154944473823,7.49817930875,7.8942639585,0.39595964975,0.232266239,37.0260509291292
"2-1BOTA",2022-06-22,"Treatment",2022,4,"Band",2,1,"BOTA","BOT","A",12.32,13.37,1.05,0.2395,"mg/L",55.8246346555324,7.49817930875,7.8942639585,0.39595964975,0.232266239,37.0260509291292
"2-1BOTA",2022-05-27,"Treatment",2022,2,"Band",2,1,"BOTA","BOT","A",4.188,5.358,1.169,0.07668,"mg/L",69.8748043818466,7.49817930875,7.8942639585,0.39595964975,0.232266239,37.0260509291292
"2-1BOTA",2022-08-05,"Treatment",2022,7,"Band",2,1,"BOTA","BOT","A",9.654,10.52,0.8614,0.2141,"mg/L",49.1359177954227,7.49817930875,7.8942639585,0.39595964975,0.232266239,37.0260509291292
"2-1BOTA",2023-07-19,"Post-treatment",2023,2,"Band",2,1,"BOTA","BOT","A",8.649,9.725,1.076,0.6679,"mg/L",14.5605629585267,7.49817930875,7.8942639585,0.39595964975,0.232266239,37.0260509291292
"2-1BOTC",2022-08-21,"Treatment",2022,8,"Band",2,1,"BOTC","BOT","C",20.71,21.09,0.3824,0.7497,"mg/L",28.1312525010004,1.22785715283817,1.95426401426433,0.743525657425834,0.056901694615,31.945705322374
"2-1BOTC",2022-06-01,"Treatment",2022,3,"Band",2,1,"BOTC","BOT","C",1.311,2.079,0.7678,0,"mg/L",NA,1.22785715283817,1.95426401426433,0.743525657425834,0.056901694615,31.945705322374
"2-1BOTC",2022-08-05,"Treatment",2022,7,"Band",2,1,"BOTC","BOT","C",2.1,4.064,1.964,0.06143,"mg/L",66.1566010092789,1.22785715283817,1.95426401426433,0.743525657425834,0.056901694615,31.945705322374
"2-1BOTC",2022-05-27,"Treatment",2022,2,"Band",2,1,"BOTC","BOT","C",1.494,3.008,1.514,0,"mg/L",NA,1.22785715283817,1.95426401426433,0.743525657425834,0.056901694615,31.945705322374
"2-1BOTC",2022-07-31,"Treatment",2022,6,"Band",2,1,"BOTC","BOT","C",2.18,4.121,1.941,0.06246,"mg/L",65.9782260646814,1.22785715283817,1.95426401426433,0.743525657425834,0.056901694615,31.945705322374
"2-1BOTC",2023-07-19,"Post-treatment",2023,2,"Band",2,1,"BOTC","BOT","C",2.61,4.368,1.758,0.4627,"mg/L",9.44024205748865,1.22785715283817,1.95426401426433,0.743525657425834,0.056901694615,31.945705322374
"2-1BOTC",2022-07-11,"Treatment",2022,5,"Band",2,1,"BOTC","BOT","C",1.387,3.171,1.784,0,"mg/L",NA,1.22785715283817,1.95426401426433,0.743525657425834,0.056901694615,31.945705322374
"2-1BOTC",2023-06-25,"Post-treatment",2023,1,"Band",2,1,"BOTC","BOT","C",2.242,5.22,2.978,0.4275,"mg/L",12.2105263157895,1.22785715283817,1.95426401426433,0.743525657425834,0.056901694615,31.945705322374
"2-1BOTC",2022-05-22,"Treatment",2022,1,"Band",2,1,"BOTC","BOT","C",2.373,3.959,1.586,0.136,"mg/L",29.1102941176471,1.22785715283817,1.95426401426433,0.743525657425834,0.056901694615,31.945705322374
"2-1BOTC",2022-06-22,"Treatment",2022,4,"Band",2,1,"BOTC","BOT","C",1.44,2.572,1.132,0,"mg/L",NA,1.22785715283817,1.95426401426433,0.743525657425834,0.056901694615,31.945705322374
"2-1BOTC",2022-10-11,"Treatment",2022,10,"Band",2,1,"BOTC","BOT","C",1.557,3.151,1.594,0,"mg/L",NA,1.22785715283817,1.95426401426433,0.743525657425834,0.056901694615,31.945705322374
"2-1MIDA",2023-06-25,"Post-treatment",2023,1,"Band",2,1,"MIDA","MID","A",50.61,51.67,1.06,1.821,"mg/L",28.3745194947831,38.489931588,38.820431084,0.3314794976,0.9014459842,52.4176610913275
"2-1MIDA",2023-07-19,"Post-treatment",2023,2,"Band",2,1,"MIDA","MID","A",57.41,58.32,0.9118,1.603,"mg/L",36.3817841547099,38.489931588,38.820431084,0.3314794976,0.9014459842,52.4176610913275
"2-1MIDC",2022-05-27,"Treatment",2022,2,"Band",2,1,"MIDC","MID","C",2.426,2.913,0.4867,0.04545,"mg/L",64.0924092409241,3.152,3.593,0.4418,0.2635,13.6356736242884
"2-1MIDC",2022-05-22,"Treatment",2022,1,"Band",2,1,"MIDC","MID","C",2.948,3.598,0.6504,0.07274,"mg/L",49.4638438273302,3.152,3.593,0.4418,0.2635,13.6356736242884
"2-1TOPA",2023-07-19,"Post-treatment",2023,2,"Band",2,1,"TOPA","TOP","A",11.75,12.38,0.6301,0.9121,"mg/L",13.5730731279465,75.06241598,75.31054049,0.248124509,4.872009591,15.4577980776393
"2-2 BOTA",2021-07-31,"Treatment",2021,6,"Control",2,2,"BOTA","BOT","A",43.22,43.6,0.383,2.684,"mg/L",16.2444113263785,37.52,37.93,0.4094,0.7064,53.6947904869762
"2-2 BOTA",2021-09-29,"Treatment",2021,10,"Control",2,2,"BOTA","BOT","A",541.6,541.9,0.3468,1.503,"mg/L",360.545575515635,37.52,37.93,0.4094,0.7064,53.6947904869762
"2-2 BOTA",2021-06-27,"Treatment",2021,4,"Control",2,2,"BOTA","BOT","A",18.17,18.44,0.2764,0.4155,"mg/L",44.3802647412756,37.52,37.93,0.4094,0.7064,53.6947904869762
"2-2 BOTA",2021-08-31,"Treatment",2021,8,"Control",2,2,"BOTA","BOT","A",93.61,93.81,0.1957,9.091,"mg/L",10.3189968100319,37.52,37.93,0.4094,0.7064,53.6947904869762
"2-2 BOTA",2021-08-10,"Treatment",2021,7,"Control",2,2,"BOTA","BOT","A",54.65,54.98,0.3342,1.199,"mg/L",45.8548790658882,37.52,37.93,0.4094,0.7064,53.6947904869762
"2-2 BOTC",2021-10-24,"Treatment",2021,11,"Control",2,2,"BOTC","BOT","C",163.7,163.9,0.2813,1.085,"mg/L",151.059907834101,2.719,3.88,1.161,0.09925,24.735516372796
"2-2 BOTC",2021-09-09,"Treatment",2021,9,"Control",2,2,"BOTC","BOT","C",86.94,87.56,0.6282,1.369,"mg/L",63.9590942293645,2.719,3.88,1.161,0.09925,24.735516372796
"2-2 BOTC",2021-06-01,"Treatment",2021,3,"Control",2,2,"BOTC","BOT","C",1.816,2.877,1.061,0,"mg/L",NA,2.719,3.88,1.161,0.09925,24.735516372796
"2-2 BOTC",2021-06-27,"Treatment",2021,4,"Control",2,2,"BOTC","BOT","C",2.398,3.375,0.9773,0.05787,"mg/L",58.3203732503888,2.719,3.88,1.161,0.09925,24.735516372796
"2-2 BOTC",2021-07-21,"Treatment",2021,5,"Control",2,2,"BOTC","BOT","C",5.812,6.191,0.3793,0.1164,"mg/L",53.1872852233677,2.719,3.88,1.161,0.09925,24.735516372796
"2-2 MIDA",NA,NA,NA,NA,NA,NA,NA,NA,NA,NA,NA,NA,NA,NA,NA,NA,45.39,45.9,0.5149,0.9043,50.7574919827491
"2-2 MIDC",NA,NA,NA,NA,NA,NA,NA,NA,NA,NA,NA,NA,NA,NA,NA,NA,2.436,3.1455,0.70955,0.07395,26.0175794455713
"2-2 TOPA",2021-06-27,"Treatment",2021,4,"Control",2,2,"TOPA","TOP","A",15.46,15.87,0.4077,0.6756,"mg/L",23.4902309058615,54.09,54.62,0.53525,1.15305,49.0433071990162
"2-2 TOPA",2021-06-01,"Treatment",2021,3,"Control",2,2,"TOPA","TOP","A",41.44,41.82,0.3774,0.709,"mg/L",58.984485190409,54.09,54.62,0.53525,1.15305,49.0433071990162
"2-2 TOPA",2021-09-09,"Treatment",2021,9,"Control",2,2,"TOPA","TOP","A",1.774,2.709,0.9347,0.03936,"mg/L",68.8262195121951,54.09,54.62,0.53525,1.15305,49.0433071990162
"2-2 TOPA",2021-09-29,"Treatment",2021,10,"Control",2,2,"TOPA","TOP","A",34.75,35.12,0.3614,0.7187,"mg/L",48.8660080701266,54.09,54.62,0.53525,1.15305,49.0433071990162
"2-2 TOPA",2021-08-10,"Treatment",2021,7,"Control",2,2,"TOPA","TOP","A",12.36,12.79,0.4347,0.6135,"mg/L",20.8475957620212,54.09,54.62,0.53525,1.15305,49.0433071990162
"2-2BOTA",2022-09-12,"Treatment",2022,9,"Control",2,2,"BOTA","BOT","A",67.62,67.91,0.2906,1.746,"mg/L",38.8946162657503,43.883756566,44.219085832,0.3332292668,1.2616884936,51.4911585620315
"2-2BOTA",2022-10-11,"Treatment",2022,10,"Control",2,2,"BOTA","BOT","A",81.75,82.55,0.8059,2.184,"mg/L",37.797619047619,43.883756566,44.219085832,0.3332292668,1.2616884936,51.4911585620315
"2-2BOTA",2022-05-22,"Treatment",2022,1,"Control",2,2,"BOTA","BOT","A",35.13,36.26,1.124,0.8267,"mg/L",43.8611346316681,43.883756566,44.219085832,0.3332292668,1.2616884936,51.4911585620315
"2-2BOTA",2023-06-25,"Post-treatment",2023,1,"Control",2,2,"BOTA","BOT","A",27.49,28.39,0.9028,1.636,"mg/L",17.3533007334963,43.883756566,44.219085832,0.3332292668,1.2616884936,51.4911585620315
"2-2BOTA",2022-07-11,"Treatment",2022,5,"Control",2,2,"BOTA","BOT","A",33.92,34.89,0.968,1.02,"mg/L",34.2058823529412,43.883756566,44.219085832,0.3332292668,1.2616884936,51.4911585620315
"2-2BOTA",2023-07-19,"Post-treatment",2023,2,"Control",2,2,"BOTA","BOT","A",28.13,28.76,0.6335,1.247,"mg/L",23.0633520449078,43.883756566,44.219085832,0.3332292668,1.2616884936,51.4911585620315
"2-2BOTA",2022-08-21,"Treatment",2022,8,"Control",2,2,"BOTA","BOT","A",28.15,28.49,0.3426,0.9579,"mg/L",29.7421442739326,43.883756566,44.219085832,0.3332292668,1.2616884936,51.4911585620315
"2-2BOTA",2022-07-31,"Treatment",2022,6,"Control",2,2,"BOTA","BOT","A",53.94,54.68,0.7327,1.655,"mg/L",33.0392749244713,43.883756566,44.219085832,0.3332292668,1.2616884936,51.4911585620315
"2-2BOTA",2022-05-27,"Treatment",2022,2,"Control",2,2,"BOTA","BOT","A",32.28,32.75,0.4772,0.6239,"mg/L",52.4923866004167,43.883756566,44.219085832,0.3332292668,1.2616884936,51.4911585620315
"2-2BOTC",2022-05-22,"Treatment",2022,1,"Control",2,2,"BOTC","BOT","C",2.381,4.561,2.179,0.05623,"mg/L",81.1132847234572,2.03328439002629,2.78030764786019,0.747023257691048,0.132961421851429,54.418742495382
"2-2BOTC",2022-08-21,"Treatment",2022,8,"Control",2,2,"BOTC","BOT","C",1.817,2.765,0.9485,0,"mg/L",NA,2.03328439002629,2.78030764786019,0.747023257691048,0.132961421851429,54.418742495382
"2-2BOTC",2023-06-25,"Post-treatment",2023,1,"Control",2,2,"BOTC","BOT","C",3.017,4.784,1.767,0.4786,"mg/L",9.99582114500627,2.03328439002629,2.78030764786019,0.747023257691048,0.132961421851429,54.418742495382
"2-2BOTC",2022-06-01,"Treatment",2022,3,"Control",2,2,"BOTC","BOT","C",1.92,3.47,1.551,0.02912,"mg/L",119.162087912088,2.03328439002629,2.78030764786019,0.747023257691048,0.132961421851429,54.418742495382
"2-2BOTC",2022-05-27,"Treatment",2022,2,"Control",2,2,"BOTC","BOT","C",2.099,3.56,1.461,0.04286,"mg/L",83.0611292580495,2.03328439002629,2.78030764786019,0.747023257691048,0.132961421851429,54.418742495382
"2-2BOTC",2022-08-05,"Treatment",2022,7,"Control",2,2,"BOTC","BOT","C",2.192,3.479,1.288,0.04413,"mg/L",78.8352594606843,2.03328439002629,2.78030764786019,0.747023257691048,0.132961421851429,54.418742495382
"2-2BOTC",2023-07-19,"Post-treatment",2023,2,"Control",2,2,"BOTC","BOT","C",2.26,3.739,1.479,0.4283,"mg/L",8.72986224608919,2.03328439002629,2.78030764786019,0.747023257691048,0.132961421851429,54.418742495382
"2-2BOTC",2022-10-11,"Treatment",2022,10,"Control",2,2,"BOTC","BOT","C",2.818,4.509,1.691,0.07603,"mg/L",59.3055372879127,2.03328439002629,2.78030764786019,0.747023257691048,0.132961421851429,54.418742495382
"2-2MIDA",NA,NA,NA,NA,NA,NA,NA,NA,NA,NA,NA,NA,NA,NA,NA,NA,54.0283433537347,54.2720790829413,0.241660726956667,1.59704677418,41.3014500108284
"2-2MIDC",2022-05-22,"Treatment",2022,1,"Control",2,2,"MIDC","MID","C",2.459,3.968,1.509,0.08499,"mg/L",46.6878456288975,3.405810668,4.115967639,0.710090304333333,0.194748774333333,21.3585260958655
"2-2TOPA",2023-06-25,"Post-treatment",2023,1,"Control",2,2,"TOPA","TOP","A",26.42,27.87,1.447,0.9616,"mg/L",28.9829450915141,49.2516878003137,49.5399389739413,0.287601174127667,1.65544663283,33.5292285972326
"2-2TOPA",2022-05-22,"Treatment",2022,1,"Control",2,2,"TOPA","TOP","A",11.47,13.08,1.608,0.2366,"mg/L",55.2831783601014,49.2516878003137,49.5399389739413,0.287601174127667,1.65544663283,33.5292285972326
"2-3 BOTA",2021-09-09,"Treatment",2021,9,"Sugar",2,3,"BOTA","BOT","A",8.023,8.695,0.6726,0.3056,"mg/L",28.4522251308901,7.7925,8.457,0.66055,0.13405,51.3987318164864
"2-3 BOTA",2021-09-29,"Treatment",2021,10,"Sugar",2,3,"BOTA","BOT","A",4.413,5.396,0.983,0.2186,"mg/L",24.6843549862763,7.7925,8.457,0.66055,0.13405,51.3987318164864
"2-3 BOTA",2021-08-31,"Treatment",2021,8,"Sugar",2,3,"BOTA","BOT","A",10.98,11.3,0.3225,0.2733,"mg/L",41.3465056714234,7.7925,8.457,0.66055,0.13405,51.3987318164864
"2-3 BOTA",2021-07-31,"Treatment",2021,6,"Sugar",2,3,"BOTA","BOT","A",27.68,27.97,0.2906,0.7483,"mg/L",37.3780569290392,7.7925,8.457,0.66055,0.13405,51.3987318164864
"2-3 BOTA",2021-08-10,"Treatment",2021,7,"Sugar",2,3,"BOTA","BOT","A",215.7,216.5,0.8495,1.71,"mg/L",126.608187134503,7.7925,8.457,0.66055,0.13405,51.3987318164864
"2-3 BOTA",2021-06-01,"Treatment",2021,3,"Sugar",2,3,"BOTA","BOT","A",21.77,23.42,1.649,0.3176,"mg/L",73.7405541561713,7.7925,8.457,0.66055,0.13405,51.3987318164864
"2-3 BOTA",2021-06-27,"Treatment",2021,4,"Sugar",2,3,"BOTA","BOT","A",16.81,17.2,0.3915,0.3159,"mg/L",54.4476100031656,7.7925,8.457,0.66055,0.13405,51.3987318164864
"2-3 BOTA",2021-07-21,"Treatment",2021,5,"Sugar",2,3,"BOTA","BOT","A",487.6,488,0.3418,0.9859,"mg/L",494.979206816107,7.7925,8.457,0.66055,0.13405,51.3987318164864
"2-3 BOTC",2021-07-31,"Treatment",2021,6,"Sugar",2,3,"BOTC","BOT","C",90.65,91.08,0.4297,0.5318,"mg/L",171.267393757052,37.0645,37.809,0.7477,1.0515,37.502725448501
"2-3 BOTC",2021-10-24,"Treatment",2021,11,"Sugar",2,3,"BOTC","BOT","C",118.2,118.5,0.263,1.899,"mg/L",62.4012638230648,37.0645,37.809,0.7477,1.0515,37.502725448501
"2-3 BOTC",2021-09-09,"Treatment",2021,9,"Sugar",2,3,"BOTC","BOT","C",103,103.3,0.3826,2.189,"mg/L",47.1904979442668,37.0645,37.809,0.7477,1.0515,37.502725448501
"2-3 BOTC",2021-08-10,"Treatment",2021,7,"Sugar",2,3,"BOTC","BOT","C",113.2,114,0.8373,0.2695,"mg/L",423.005565862709,37.0645,37.809,0.7477,1.0515,37.502725448501
"2-3 BOTC",2021-06-01,"Treatment",2021,3,"Sugar",2,3,"BOTC","BOT","C",5.179,7.996,2.817,0.07702,"mg/L",103.817190340171,37.0645,37.809,0.7477,1.0515,37.502725448501
"2-3 BOTC",2021-08-31,"Treatment",2021,8,"Sugar",2,3,"BOTC","BOT","C",10.41,10.89,0.482,0.3776,"mg/L",28.8400423728814,37.0645,37.809,0.7477,1.0515,37.502725448501
"2-3 BOTC",2021-09-29,"Treatment",2021,10,"Sugar",2,3,"BOTC","BOT","C",110.3,110.8,0.4092,2.476,"mg/L",44.7495961227787,37.0645,37.809,0.7477,1.0515,37.502725448501
"2-3 BOTC",2021-07-21,"Treatment",2021,5,"Sugar",2,3,"BOTC","BOT","C",17.76,18.1,0.3379,0.3294,"mg/L",54.9483910139648,37.0645,37.809,0.7477,1.0515,37.502725448501
"2-3 BOTC",2021-06-27,"Treatment",2021,4,"Sugar",2,3,"BOTC","BOT","C",6.199,6.63,0.4308,0,"mg/L",NA,37.0645,37.809,0.7477,1.0515,37.502725448501
"2-3 MIDA",2021-06-01,"Treatment",2021,3,"Sugar",2,3,"MIDA","MID","A",46.99,47.59,0.6052,1.023,"mg/L",46.5200391006843,23.83,24.2825,0.4493,0.51735,42.3872580364151
"2-3 MIDC",2021-06-01,"Treatment",2021,3,"Sugar",2,3,"MIDC","MID","C",2.339,3.2,0.8608,0,"mg/L",NA,11.882,12.584,0.70385,0.25885,45.4397307788642
"2-3 TOPA",2021-09-29,"Treatment",2021,10,"Sugar",2,3,"TOPA","TOP","A",82.38,82.72,0.3411,1.493,"mg/L",55.4052243804421,33.11,33.58,0.4661,2.673,12.5626636737748
"2-3 TOPA",2021-06-27,"Treatment",2021,4,"Sugar",2,3,"TOPA","TOP","A",9.069,9.618,0.5494,1.101,"mg/L",8.73569482288828,33.11,33.58,0.4661,2.673,12.5626636737748
"2-3 TOPA",2021-08-31,"Treatment",2021,8,"Sugar",2,3,"TOPA","TOP","A",59.4,59.73,0.3326,3.616,"mg/L",16.5182522123894,33.11,33.58,0.4661,2.673,12.5626636737748
"2-3 TOPA",2021-06-01,"Treatment",2021,3,"Sugar",2,3,"TOPA","TOP","A",105.7,106.6,0.8447,0.8046,"mg/L",132.488192890877,33.11,33.58,0.4661,2.673,12.5626636737748
"2-3 TOPA",2021-07-21,"Treatment",2021,5,"Sugar",2,3,"TOPA","TOP","A",157.5,157.8,0.2767,6.327,"mg/L",24.9407302038881,33.11,33.58,0.4661,2.673,12.5626636737748
"2-3 TOPA",2021-10-24,"Treatment",2021,11,"Sugar",2,3,"TOPA","TOP","A",6.404,6.704,0.2998,0.1719,"mg/L",38.999418266434,33.11,33.58,0.4661,2.673,12.5626636737748
"2-3BOTA",2022-06-22,"Treatment",2022,4,"Sugar",2,3,"BOTA","BOT","A",34.37,34.81,0.4407,0.5845,"mg/L",59.5551753635586,12.2690186643272,12.5637454567,0.294189290997833,0.42432665286,33.2649417516145
"2-3BOTA",2023-07-19,"Post-treatment",2023,2,"Sugar",2,3,"BOTA","BOT","A",18.91,20.25,1.347,0.765,"mg/L",26.4705882352941,12.2690186643272,12.5637454567,0.294189290997833,0.42432665286,33.2649417516145
"2-3BOTA",2022-07-31,"Treatment",2022,6,"Sugar",2,3,"BOTA","BOT","A",15.08,15.91,0.8322,0.2923,"mg/L",54.4303797468354,12.2690186643272,12.5637454567,0.294189290997833,0.42432665286,33.2649417516145
"2-3BOTA",2022-06-01,"Treatment",2022,3,"Sugar",2,3,"BOTA","BOT","A",11.77,12.6,0.832,0.2075,"mg/L",60.7228915662651,12.2690186643272,12.5637454567,0.294189290997833,0.42432665286,33.2649417516145
"2-3BOTA",2022-09-12,"Treatment",2022,9,"Sugar",2,3,"BOTA","BOT","A",17.71,18,0.2929,0.349,"mg/L",51.5759312320917,12.2690186643272,12.5637454567,0.294189290997833,0.42432665286,33.2649417516145
"2-3BOTA",2022-08-21,"Treatment",2022,8,"Sugar",2,3,"BOTA","BOT","A",20.88,21.49,0.6172,0.4436,"mg/L",48.4445446348061,12.2690186643272,12.5637454567,0.294189290997833,0.42432665286,33.2649417516145
"2-3BOTA",2023-06-25,"Post-treatment",2023,1,"Sugar",2,3,"BOTA","BOT","A",17.71,19.36,1.643,0.7857,"mg/L",24.6404480081456,12.2690186643272,12.5637454567,0.294189290997833,0.42432665286,33.2649417516145
"2-3BOTA",2022-07-11,"Treatment",2022,5,"Sugar",2,3,"BOTA","BOT","A",24.3,26.65,2.348,0.492,"mg/L",54.1666666666667,12.2690186643272,12.5637454567,0.294189290997833,0.42432665286,33.2649417516145
"2-3BOTA",2022-05-22,"Treatment",2022,1,"Sugar",2,3,"BOTA","BOT","A",8.045,8.555,0.5096,0.176,"mg/L",48.6079545454545,12.2690186643272,12.5637454567,0.294189290997833,0.42432665286,33.2649417516145
"2-3BOTA",2022-05-27,"Treatment",2022,2,"Sugar",2,3,"BOTA","BOT","A",15.91,16.57,0.6689,0.2734,"mg/L",60.6071689831748,12.2690186643272,12.5637454567,0.294189290997833,0.42432665286,33.2649417516145
"2-3BOTA",2022-08-05,"Treatment",2022,7,"Sugar",2,3,"BOTA","BOT","A",27.11,27.97,0.8646,0.5395,"mg/L",51.8443002780352,12.2690186643272,12.5637454567,0.294189290997833,0.42432665286,33.2649417516145
"2-3BOTA",2022-10-11,"Treatment",2022,10,"Sugar",2,3,"BOTA","BOT","A",15.87,16.97,1.098,0.3842,"mg/L",44.1697032795419,12.2690186643272,12.5637454567,0.294189290997833,0.42432665286,33.2649417516145
"2-3BOTC",2023-07-19,"Post-treatment",2023,2,"Sugar",2,3,"BOTC","BOT","C",6.101,7.149,1.048,0.5328,"mg/L",13.4177927927928,5.47841038314883,5.810947786167,0.332699903143167,0.32365529797,19.9702083681047
"2-3BOTC",2022-06-22,"Treatment",2022,4,"Sugar",2,3,"BOTC","BOT","C",7.43,8.515,1.086,0.1763,"mg/L",48.298355076574,5.47841038314883,5.810947786167,0.332699903143167,0.32365529797,19.9702083681047
"2-3BOTC",2022-07-11,"Treatment",2022,5,"Sugar",2,3,"BOTC","BOT","C",6.871,9.375,2.504,0.1681,"mg/L",55.7703747769185,5.47841038314883,5.810947786167,0.332699903143167,0.32365529797,19.9702083681047
"2-3BOTC",2022-09-12,"Treatment",2022,9,"Sugar",2,3,"BOTC","BOT","C",7.025,7.449,0.4237,0.1671,"mg/L",44.5780969479354,5.47841038314883,5.810947786167,0.332699903143167,0.32365529797,19.9702083681047
"2-3BOTC",2022-05-22,"Treatment",2022,1,"Sugar",2,3,"BOTC","BOT","C",5.511,6.553,1.043,0.1384,"mg/L",47.3482658959538,5.47841038314883,5.810947786167,0.332699903143167,0.32365529797,19.9702083681047
"2-3BOTC",2022-06-01,"Treatment",2022,3,"Sugar",2,3,"BOTC","BOT","C",4.584,5.453,0.8697,0.07848,"mg/L",69.4826707441386,5.47841038314883,5.810947786167,0.332699903143167,0.32365529797,19.9702083681047
"2-3BOTC",2023-06-25,"Post-treatment",2023,1,"Sugar",2,3,"BOTC","BOT","C",5.621,7.376,1.755,0.5134,"mg/L",14.366965329178,5.47841038314883,5.810947786167,0.332699903143167,0.32365529797,19.9702083681047
"2-3BOTC",2022-05-27,"Treatment",2022,2,"Sugar",2,3,"BOTC","BOT","C",3.896,4.89,0.9937,0.06137,"mg/L",79.680625712889,5.47841038314883,5.810947786167,0.332699903143167,0.32365529797,19.9702083681047
"2-3BOTC",2022-07-31,"Treatment",2022,6,"Sugar",2,3,"BOTC","BOT","C",8.157,10.04,1.878,0.1899,"mg/L",52.8699315429173,5.47841038314883,5.810947786167,0.332699903143167,0.32365529797,19.9702083681047
"2-3BOTC",2022-08-05,"Treatment",2022,7,"Sugar",2,3,"BOTC","BOT","C",5.175,7.387,2.212,0.1727,"mg/L",42.7735958309207,5.47841038314883,5.810947786167,0.332699903143167,0.32365529797,19.9702083681047
"2-3BOTC",2022-10-11,"Treatment",2022,10,"Sugar",2,3,"BOTC","BOT","C",5.449,7.876,2.427,0.1647,"mg/L",47.8202792956891,5.47841038314883,5.810947786167,0.332699903143167,0.32365529797,19.9702083681047
"2-3MIDA",2022-05-22,"Treatment",2022,1,"Sugar",2,3,"MIDA","MID","A",32.86,34.02,1.156,0.5687,"mg/L",59.8206435730614,46.35188537,46.52759803,0.175712666,1.264726825,36.7886543641549
"2-3MIDA",2022-05-27,"Treatment",2022,2,"Sugar",2,3,"MIDA","MID","A",35.52,36.06,0.5422,0.591,"mg/L",61.0152284263959,46.35188537,46.52759803,0.175712666,1.264726825,36.7886543641549
"2-3MIDC",2022-06-22,"Treatment",2022,4,"Sugar",2,3,"MIDC","MID","C",1.423,1.748,0.3254,0,"mg/L",NA,NA,NA,NA,NA,NA
"2-3MIDC",2022-05-22,"Treatment",2022,1,"Sugar",2,3,"MIDC","MID","C",4.262,5.946,1.683,0.1425,"mg/L",41.7263157894737,NA,NA,NA,NA,NA
"2-3MIDC",2022-05-27,"Treatment",2022,2,"Sugar",2,3,"MIDC","MID","C",4.852,5.735,0.8834,0.0779,"mg/L",73.620025673941,NA,NA,NA,NA,NA
"2-3TOPA",2022-07-31,"Treatment",2022,6,"Sugar",2,3,"TOPA","TOP","A",46.33,47.13,0.8023,1.5,"mg/L",31.42,46.24753101,46.49197839,0.245180716666667,1.08253548933333,53.9901268477472
"2-3TOPA",2023-07-19,"Post-treatment",2023,2,"Sugar",2,3,"TOPA","TOP","A",36.09,37.22,1.133,1.1,"mg/L",33.8363636363636,46.24753101,46.49197839,0.245180716666667,1.08253548933333,53.9901268477472
"2-3TOPA",2022-08-21,"Treatment",2022,8,"Sugar",2,3,"TOPA","TOP","A",35.93,36.23,0.2957,0.9667,"mg/L",37.4780179993793,46.24753101,46.49197839,0.245180716666667,1.08253548933333,53.9901268477472
"2-3TOPA",2023-06-25,"Post-treatment",2023,1,"Sugar",2,3,"TOPA","TOP","A",30.15,31.8,1.651,3.936,"mg/L",8.07926829268293,46.24753101,46.49197839,0.245180716666667,1.08253548933333,53.9901268477472
"3-1 BOTA",2021-06-27,"Treatment",2021,4,"Band",3,1,"BOTA","BOT","A",48.3,49.01,0.705,0.9047,"mg/L",54.172653918426,NA,NA,NA,NA,NA
"3-1 BOTA",2021-08-31,"Treatment",2021,8,"Band",3,1,"BOTA","BOT","A",144.7,145.1,0.3851,3.393,"mg/L",42.7645151783083,NA,NA,NA,NA,NA
"3-1 BOTA",2021-09-09,"Treatment",2021,9,"Band",3,1,"BOTA","BOT","A",2.742,3.967,1.225,0.06857,"mg/L",57.8532886101794,NA,NA,NA,NA,NA
"3-1 BOTA",2021-07-21,"Treatment",2021,5,"Band",3,1,"BOTA","BOT","A",30.36,30.68,0.3149,0.8155,"mg/L",37.6210913549969,NA,NA,NA,NA,NA
"3-1 BOTA",2021-10-24,"Treatment",2021,11,"Band",3,1,"BOTA","BOT","A",2.135,2.834,0.7,0.03477,"mg/L",81.5070463042853,NA,NA,NA,NA,NA
"3-1 BOTA",2021-09-29,"Treatment",2021,10,"Band",3,1,"BOTA","BOT","A",2.332,3.61,1.278,0.05373,"mg/L",67.1877908058812,NA,NA,NA,NA,NA
"3-1 BOTA",2021-07-31,"Treatment",2021,6,"Band",3,1,"BOTA","BOT","A",54.67,54.99,0.3255,1.151,"mg/L",47.7758470894874,NA,NA,NA,NA,NA
"3-1 BOTA",2021-06-01,"Treatment",2021,3,"Band",3,1,"BOTA","BOT","A",74.34,75.13,0.7915,1.217,"mg/L",61.733771569433,NA,NA,NA,NA,NA
"3-1 BOTC",2021-09-09,"Treatment",2021,9,"Band",3,1,"BOTC","BOT","C",110.3,110.6,0.3448,1.698,"mg/L",65.1354534746761,73.56,74.1,0.5363,1.175,63.063829787234
"3-1 BOTC",2021-07-21,"Treatment",2021,5,"Band",3,1,"BOTC","BOT","C",4.721,5.053,0.3315,0,"mg/L",NA,73.56,74.1,0.5363,1.175,63.063829787234
"3-1 BOTC",2021-09-29,"Treatment",2021,10,"Band",3,1,"BOTC","BOT","C",123.3,123.7,0.3898,1.735,"mg/L",71.2968299711816,73.56,74.1,0.5363,1.175,63.063829787234
"3-1 BOTC",2021-08-10,"Treatment",2021,7,"Band",3,1,"BOTC","BOT","C",2.572,4.006,1.434,0.05743,"mg/L",69.7544837193105,73.56,74.1,0.5363,1.175,63.063829787234
"3-1 BOTC",2021-06-27,"Treatment",2021,4,"Band",3,1,"BOTC","BOT","C",5.442,6.08,0.6374,0,"mg/L",NA,73.56,74.1,0.5363,1.175,63.063829787234
"3-1 BOTC",2021-07-31,"Treatment",2021,6,"Band",3,1,"BOTC","BOT","C",2.383,3.234,0.851,0.07039,"mg/L",45.9440261400767,73.56,74.1,0.5363,1.175,63.063829787234
"3-1 BOTC",2021-06-01,"Treatment",2021,3,"Band",3,1,"BOTC","BOT","C",3.918,5.694,1.776,0.04663,"mg/L",122.110229466009,73.56,74.1,0.5363,1.175,63.063829787234
"3-1 BOTC",2021-08-31,"Treatment",2021,8,"Band",3,1,"BOTC","BOT","C",2.834,4.524,1.691,0.1222,"mg/L",37.0212765957447,73.56,74.1,0.5363,1.175,63.063829787234
"3-1 BOTC",2021-10-24,"Treatment",2021,11,"Band",3,1,"BOTC","BOT","C",4.658,5.656,0.9977,0.08124,"mg/L",69.6208764155588,73.56,74.1,0.5363,1.175,63.063829787234
"3-1 MIDA",2021-08-10,"Treatment",2021,7,"Band",3,1,"MIDA","MID","A",69.46,69.92,0.4629,1.394,"mg/L",50.1578192252511,3.808,4.844,1.0359,0.10215,32.2124326970142
"3-1 MIDA",2021-08-31,"Treatment",2021,8,"Band",3,1,"MIDA","MID","A",76.02,76.34,0.3213,1.651,"mg/L",46.2386432465173,3.808,4.844,1.0359,0.10215,32.2124326970142
"3-1 MIDA",2021-09-09,"Treatment",2021,9,"Band",3,1,"MIDA","MID","A",137.8,138.2,0.4771,3.062,"mg/L",45.1338994121489,3.808,4.844,1.0359,0.10215,32.2124326970142
"3-1 MIDA",2021-09-29,"Treatment",2021,10,"Band",3,1,"MIDA","MID","A",240.4,240.9,0.5012,5.467,"mg/L",44.0643863179074,3.808,4.844,1.0359,0.10215,32.2124326970142
"3-1 MIDA",2021-07-31,"Treatment",2021,6,"Band",3,1,"MIDA","MID","A",60.42,60.75,0.3331,1.89,"mg/L",32.1428571428571,3.808,4.844,1.0359,0.10215,32.2124326970142
"3-1 MIDC",2021-08-31,"Treatment",2021,8,"Band",3,1,"MIDC","MID","C",3.79,4.434,0.6439,0.1941,"mg/L",22.8438948995363,23.51,24.12,0.6148,0.5958,40.4833836858006
"3-1 TOPA",2021-08-10,"Treatment",2021,7,"Band",3,1,"TOPA","TOP","A",89.17,89.47,0.3016,2.069,"mg/L",43.2431126147898,21,21.43,0.43,0.4033,53.1366228613935
"3-1 TOPA",2021-06-27,"Treatment",2021,4,"Band",3,1,"TOPA","TOP","A",65.28,65.66,0.3737,0.7804,"mg/L",84.1363403382881,21,21.43,0.43,0.4033,53.1366228613935
"3-1 TOPA",2021-07-21,"Treatment",2021,5,"Band",3,1,"TOPA","TOP","A",47.36,47.71,0.3574,2.331,"mg/L",20.4676104676105,21,21.43,0.43,0.4033,53.1366228613935
"3-1 TOPA",2021-06-01,"Treatment",2021,3,"Band",3,1,"TOPA","TOP","A",57.21,58.04,0.8298,1.018,"mg/L",57.0137524557957,21,21.43,0.43,0.4033,53.1366228613935
"3-1 TOPA",2021-09-29,"Treatment",2021,10,"Band",3,1,"TOPA","TOP","A",82.59,82.98,0.3893,1.727,"mg/L",48.0486392588303,21,21.43,0.43,0.4033,53.1366228613935
"3-1BOTA",2022-07-11,"Treatment",2022,5,"Band",3,1,"BOTA","BOT","A",16.59,17.05,0.4658,0.506,"mg/L",33.695652173913,76.4398407126088,77.266959684744,0.825668971135167,2.04369124795,42.9538546627154
"3-1BOTA",2022-09-12,"Treatment",2022,9,"Band",3,1,"BOTA","BOT","A",70.68,70.99,0.3144,1.479,"mg/L",47.998647734956,76.4398407126088,77.266959684744,0.825668971135167,2.04369124795,42.9538546627154
"3-1BOTA",2022-05-22,"Treatment",2022,1,"Band",3,1,"BOTA","BOT","A",30.1,31.73,1.629,0.611,"mg/L",51.9312602291326,76.4398407126088,77.266959684744,0.825668971135167,2.04369124795,42.9538546627154
"3-1BOTA",2022-06-01,"Treatment",2022,3,"Band",3,1,"BOTA","BOT","A",40.2,40.83,0.6325,0.6503,"mg/L",62.7864062740274,76.4398407126088,77.266959684744,0.825668971135167,2.04369124795,42.9538546627154
"3-1BOTA",2022-08-05,"Treatment",2022,7,"Band",3,1,"BOTA","BOT","A",63.37,63.88,0.5048,1.099,"mg/L",58.1255686988171,76.4398407126088,77.266959684744,0.825668971135167,2.04369124795,42.9538546627154
"3-1BOTA",2023-06-25,"Post-treatment",2023,1,"Band",3,1,"BOTA","BOT","A",89.38,90.53,1.157,2.093,"mg/L",43.2537028189202,76.4398407126088,77.266959684744,0.825668971135167,2.04369124795,42.9538546627154
"3-1BOTA",2022-07-31,"Treatment",2022,6,"Band",3,1,"BOTA","BOT","A",92.74,93.26,0.5176,2.166,"mg/L",43.056325023084,76.4398407126088,77.266959684744,0.825668971135167,2.04369124795,42.9538546627154
"3-1BOTA",2022-10-11,"Treatment",2022,10,"Band",3,1,"BOTA","BOT","A",187.8,189,1.176,3.998,"mg/L",47.2736368184092,76.4398407126088,77.266959684744,0.825668971135167,2.04369124795,42.9538546627154
"3-1BOTA",2023-07-19,"Post-treatment",2023,2,"Band",3,1,"BOTA","BOT","A",123.2,124,0.8156,2.554,"mg/L",48.5512920908379,76.4398407126088,77.266959684744,0.825668971135167,2.04369124795,42.9538546627154
"3-1BOTA",2022-06-22,"Treatment",2022,4,"Band",3,1,"BOTA","BOT","A",127.2,127.6,0.3589,2.136,"mg/L",59.7378277153558,76.4398407126088,77.266959684744,0.825668971135167,2.04369124795,42.9538546627154
"3-1BOTA",2022-05-27,"Treatment",2022,2,"Band",3,1,"BOTA","BOT","A",23.32,23.96,0.6391,0.3698,"mg/L",64.7917793401839,76.4398407126088,77.266959684744,0.825668971135167,2.04369124795,42.9538546627154
"3-1BOTA",2022-08-21,"Treatment",2022,8,"Band",3,1,"BOTA","BOT","A",70.37,70.67,0.3002,1.546,"mg/L",45.7115135834411,76.4398407126088,77.266959684744,0.825668971135167,2.04369124795,42.9538546627154
"3-1BOTC",2022-06-01,"Treatment",2022,3,"Band",3,1,"BOTC","BOT","C",2.758,3.657,0.8989,0,"mg/L",NA,2.41338080528333,3.61967033738167,1.20615203222333,0.11813299391,250.259138598969
"3-1BOTC",2022-10-11,"Treatment",2022,10,"Band",3,1,"BOTC","BOT","C",4.142,6.829,2.687,0.08451,"mg/L",80.8070050881552,2.41338080528333,3.61967033738167,1.20615203222333,0.11813299391,250.259138598969
"3-1BOTC",2022-08-05,"Treatment",2022,7,"Band",3,1,"BOTC","BOT","C",2.349,4.282,1.933,0,"mg/L",NA,2.41338080528333,3.61967033738167,1.20615203222333,0.11813299391,250.259138598969
"3-1BOTC",2022-09-12,"Treatment",2022,9,"Band",3,1,"BOTC","BOT","C",2.158,3.008,0.8501,0,"mg/L",NA,2.41338080528333,3.61967033738167,1.20615203222333,0.11813299391,250.259138598969
"3-1BOTC",2022-07-31,"Treatment",2022,6,"Band",3,1,"BOTC","BOT","C",1.773,3.16,1.387,0,"mg/L",NA,2.41338080528333,3.61967033738167,1.20615203222333,0.11813299391,250.259138598969
"3-1BOTC",2022-08-21,"Treatment",2022,8,"Band",3,1,"BOTC","BOT","C",3.583,5.138,1.555,0.08499,"mg/L",60.4541710789505,2.41338080528333,3.61967033738167,1.20615203222333,0.11813299391,250.259138598969
"3-1BOTC",2022-07-11,"Treatment",2022,5,"Band",3,1,"BOTC","BOT","C",2.468,5.391,2.923,0.04804,"mg/L",112.21898417985,2.41338080528333,3.61967033738167,1.20615203222333,0.11813299391,250.259138598969
"3-1BOTC",2022-05-22,"Treatment",2022,1,"Band",3,1,"BOTC","BOT","C",4.296,5.996,1.7,0.1253,"mg/L",47.853152434158,2.41338080528333,3.61967033738167,1.20615203222333,0.11813299391,250.259138598969
"3-1BOTC",2022-06-22,"Treatment",2022,4,"Band",3,1,"BOTC","BOT","C",3.926,5.059,1.133,0.07661,"mg/L",66.035765565853,2.41338080528333,3.61967033738167,1.20615203222333,0.11813299391,250.259138598969
"3-1BOTC",2022-05-27,"Treatment",2022,2,"Band",3,1,"BOTC","BOT","C",2.06,2.761,0.7004,0,"mg/L",NA,2.41338080528333,3.61967033738167,1.20615203222333,0.11813299391,250.259138598969
"3-1BOTC",2023-07-19,"Post-treatment",2023,2,"Band",3,1,"BOTC","BOT","C",3.007,4.826,1.819,0.4276,"mg/L",11.2862488306829,2.41338080528333,3.61967033738167,1.20615203222333,0.11813299391,250.259138598969
"3-1BOTC",2023-06-25,"Post-treatment",2023,1,"Band",3,1,"BOTC","BOT","C",1.869,3.143,1.274,0.4062,"mg/L",7.73756770064008,2.41338080528333,3.61967033738167,1.20615203222333,0.11813299391,250.259138598969
"3-1MIDA",2022-07-31,"Treatment",2022,6,"Band",3,1,"MIDA","MID","A",97.19,97.89,0.705,2.519,"mg/L",38.8606589916634,43.9637896071018,44.3025533525298,0.339130412428,1.96393177726667,29.6542909056774
"3-1MIDA",2022-08-05,"Treatment",2022,7,"Band",3,1,"MIDA","MID","A",95.02,95.41,0.3942,2.354,"mg/L",40.5310110450297,43.9637896071018,44.3025533525298,0.339130412428,1.96393177726667,29.6542909056774
"3-1MIDC",NA,NA,NA,NA,NA,NA,NA,NA,NA,NA,NA,NA,NA,NA,NA,NA,6.06345001070533,6.52071483723733,0.457264826532,0.90887674896,7.17447645645989
"3-1TOPA",2023-06-25,"Post-treatment",2023,1,"Band",3,1,"TOPA","TOP","A",38.32,39.11,0.7912,1.274,"mg/L",30.6985871271586,57.3572994509413,57.8186757045582,0.462742920616889,1.65403114697333,35.0692339262341
"3-1TOPA",2023-07-19,"Post-treatment",2023,2,"Band",3,1,"TOPA","TOP","A",65.12,65.9,0.7768,1.791,"mg/L",36.7950865438303,57.3572994509413,57.8186757045582,0.462742920616889,1.65403114697333,35.0692339262341
"3-1TOPA",2022-10-11,"Treatment",2022,10,"Band",3,1,"TOPA","TOP","A",132.8,134,1.173,3.107,"mg/L",43.1284196974574,57.3572994509413,57.8186757045582,0.462742920616889,1.65403114697333,35.0692339262341
"3-2 BOTA",2021-08-31,"Treatment",2021,8,"Sugar",3,2,"BOTA","BOT","A",28.43,28.77,0.342,0.4211,"mg/L",68.3210638803135,11.51,12.285,0.77275,0.1567,81.1775389660282
"3-2 BOTA",2021-07-21,"Treatment",2021,5,"Sugar",3,2,"BOTA","BOT","A",18,18.37,0.3689,0.1744,"mg/L",105.332568807339,11.51,12.285,0.77275,0.1567,81.1775389660282
"3-2 BOTA",2021-06-27,"Treatment",2021,4,"Sugar",3,2,"BOTA","BOT","A",14.31,14.9,0.5942,0.2068,"mg/L",72.0502901353965,11.51,12.285,0.77275,0.1567,81.1775389660282
"3-2 BOTA",2021-07-31,"Treatment",2021,6,"Sugar",3,2,"BOTA","BOT","A",15.83,16.09,0.2635,0.1576,"mg/L",102.093908629442,11.51,12.285,0.77275,0.1567,81.1775389660282
"3-2 BOTA",2021-06-01,"Treatment",2021,3,"Sugar",3,2,"BOTA","BOT","A",6.305,7.772,1.467,0,"mg/L",NA,11.51,12.285,0.77275,0.1567,81.1775389660282
"3-2 BOTA",2021-09-29,"Treatment",2021,10,"Sugar",3,2,"BOTA","BOT","A",1.237,2.184,0.9467,0,"mg/L",NA,11.51,12.285,0.77275,0.1567,81.1775389660282
"3-2 BOTA",2021-08-10,"Treatment",2021,7,"Sugar",3,2,"BOTA","BOT","A",6.525,7.69,1.164,0.1097,"mg/L",70.1002734731085,11.51,12.285,0.77275,0.1567,81.1775389660282
"3-2 BOTA",2021-09-09,"Treatment",2021,9,"Sugar",3,2,"BOTA","BOT","A",1.732,4.031,2.299,0,"mg/L",NA,11.51,12.285,0.77275,0.1567,81.1775389660282
"3-2 BOTA",2021-10-24,"Treatment",2021,11,"Sugar",3,2,"BOTA","BOT","A",1.705,4.053,2.349,0,"mg/L",NA,11.51,12.285,0.77275,0.1567,81.1775389660282
"3-2 BOTC",2021-07-31,"Treatment",2021,6,"Sugar",3,2,"BOTC","BOT","C",1.854,3.926,2.071,0,"mg/L",NA,6.331,8.2545,1.92295,0.249885,48.5624094074869
"3-2 BOTC",2021-06-01,"Treatment",2021,3,"Sugar",3,2,"BOTC","BOT","C",4.838,6.908,2.07,0,"mg/L",NA,6.331,8.2545,1.92295,0.249885,48.5624094074869
"3-2 BOTC",2021-09-29,"Treatment",2021,10,"Sugar",3,2,"BOTC","BOT","C",47.91,48.16,0.2444,0.9947,"mg/L",48.4166080225193,6.331,8.2545,1.92295,0.249885,48.5624094074869
"3-2 BOTC",2021-07-21,"Treatment",2021,5,"Sugar",3,2,"BOTC","BOT","C",2.039,4.2,2.161,0.03584,"mg/L",117.1875,6.331,8.2545,1.92295,0.249885,48.5624094074869
"3-2 BOTC",2021-08-10,"Treatment",2021,7,"Sugar",3,2,"BOTC","BOT","C",2.356,4.29,1.934,0,"mg/L",NA,6.331,8.2545,1.92295,0.249885,48.5624094074869
"3-2 BOTC",2021-09-09,"Treatment",2021,9,"Sugar",3,2,"BOTC","BOT","C",50.68,51.08,0.4026,1.433,"mg/L",35.6454989532449,6.331,8.2545,1.92295,0.249885,48.5624094074869
"3-2 BOTC",2021-06-27,"Treatment",2021,4,"Sugar",3,2,"BOTC","BOT","C",2.281,4.405,2.125,0,"mg/L",NA,6.331,8.2545,1.92295,0.249885,48.5624094074869
"3-2 BOTC",2021-10-24,"Treatment",2021,11,"Sugar",3,2,"BOTC","BOT","C",1.782,4.035,2.254,0.03887,"mg/L",103.807563673784,6.331,8.2545,1.92295,0.249885,48.5624094074869
"3-2 BOTC",2021-08-31,"Treatment",2021,8,"Sugar",3,2,"BOTC","BOT","C",1.868,4.517,2.648,0,"mg/L",NA,6.331,8.2545,1.92295,0.249885,48.5624094074869
"3-2 MIDA",2021-08-31,"Treatment",2021,8,"Sugar",3,2,"MIDA","MID","A",95.33,96.05,0.7218,2.323,"mg/L",41.3473956091261,10.56,11.71,1.153,0.4351,26.913353252126
"3-2 MIDA",2021-07-31,"Treatment",2021,6,"Sugar",3,2,"MIDA","MID","A",293.9,294.3,0.4121,1.796,"mg/L",163.864142538975,10.56,11.71,1.153,0.4351,26.913353252126
"3-2 MIDA",2021-09-29,"Treatment",2021,10,"Sugar",3,2,"MIDA","MID","A",16.64,16.94,0.2961,0.2605,"mg/L",65.0287907869482,10.56,11.71,1.153,0.4351,26.913353252126
"3-2 MIDC",2021-06-27,"Treatment",2021,4,"Sugar",3,2,"MIDC","MID","C",6.413,6.75,0.3371,0.2085,"mg/L",32.3741007194245,4.001,4.4985,0.497,0.2397,18.8713644920901
"3-2 MIDC",2021-06-01,"Treatment",2021,3,"Sugar",3,2,"MIDC","MID","C",4.461,4.939,0.4772,0,"mg/L",NA,4.001,4.4985,0.497,0.2397,18.8713644920901
"3-2 TOPA",2021-06-27,"Treatment",2021,4,"Sugar",3,2,"TOPA","TOP","A",53.61,54.07,0.4557,0.9199,"mg/L",58.7781280573975,57.25,57.67,0.42085,1.00275,59.3255344580461
"3-2 TOPA",2021-09-29,"Treatment",2021,10,"Sugar",3,2,"TOPA","TOP","A",410.3,410.9,0.6417,2.141,"mg/L",191.919663708547,57.25,57.67,0.42085,1.00275,59.3255344580461
"3-2 TOPA",2021-06-01,"Treatment",2021,3,"Sugar",3,2,"TOPA","TOP","A",68.31,69.22,0.911,1.069,"mg/L",64.7521047708138,57.25,57.67,0.42085,1.00275,59.3255344580461
"3-2 TOPA",2021-08-31,"Treatment",2021,8,"Sugar",3,2,"TOPA","TOP","A",116,116.3,0.2912,1.69,"mg/L",68.8165680473373,57.25,57.67,0.42085,1.00275,59.3255344580461
"3-2 TOPA",2021-08-10,"Treatment",2021,7,"Sugar",3,2,"TOPA","TOP","A",153.1,153.9,0.7811,1.835,"mg/L",83.8692098092643,57.25,57.67,0.42085,1.00275,59.3255344580461
"3-2 TOPA",2021-07-21,"Treatment",2021,5,"Sugar",3,2,"TOPA","TOP","A",331.2,331.5,0.3077,0.6404,"mg/L",517.645221736415,57.25,57.67,0.42085,1.00275,59.3255344580461
"3-2 TOPA",2021-09-09,"Treatment",2021,9,"Sugar",3,2,"TOPA","TOP","A",15.3,15.71,0.4109,0.2186,"mg/L",71.8664226898445,57.25,57.67,0.42085,1.00275,59.3255344580461
"3-2BOTA",2022-08-05,"Treatment",2022,7,"Sugar",3,2,"BOTA","BOT","A",7.596,9.912,2.317,0.1153,"mg/L",85.9670424978318,14.8295357255033,15.1949005840347,0.367689857281333,0.22066533378,97.4543157273311
"3-2BOTA",2023-07-19,"Post-treatment",2023,2,"Sugar",3,2,"BOTA","BOT","A",9.014,10.58,1.563,0.4909,"mg/L",21.5522509676105,14.8295357255033,15.1949005840347,0.367689857281333,0.22066533378,97.4543157273311
"3-2BOTA",2023-06-25,"Post-treatment",2023,1,"Sugar",3,2,"BOTA","BOT","A",4.308,5.286,0.9781,0.424,"mg/L",12.4669811320755,14.8295357255033,15.1949005840347,0.367689857281333,0.22066533378,97.4543157273311
"3-2BOTA",2022-10-11,"Treatment",2022,10,"Sugar",3,2,"BOTA","BOT","A",88.84,89.7,0.8542,1.743,"mg/L",51.4629948364888,14.8295357255033,15.1949005840347,0.367689857281333,0.22066533378,97.4543157273311
"3-2BOTA",2022-07-11,"Treatment",2022,5,"Sugar",3,2,"BOTA","BOT","A",16.98,17.99,1.009,0.2088,"mg/L",86.1590038314176,14.8295357255033,15.1949005840347,0.367689857281333,0.22066533378,97.4543157273311
"3-2BOTA",2022-05-22,"Treatment",2022,1,"Sugar",3,2,"BOTA","BOT","A",6.603,10.91,4.307,0.1046,"mg/L",104.302103250478,14.8295357255033,15.1949005840347,0.367689857281333,0.22066533378,97.4543157273311
"3-2BOTA",2022-07-31,"Treatment",2022,6,"Sugar",3,2,"BOTA","BOT","A",42.61,43.55,0.9469,0.4222,"mg/L",103.1501657982,14.8295357255033,15.1949005840347,0.367689857281333,0.22066533378,97.4543157273311
"3-2BOTA",2022-05-27,"Treatment",2022,2,"Sugar",3,2,"BOTA","BOT","A",3.819,5.811,1.992,0.05278,"mg/L",110.098522167488,14.8295357255033,15.1949005840347,0.367689857281333,0.22066533378,97.4543157273311
"3-2BOTA",2022-06-01,"Treatment",2022,3,"Sugar",3,2,"BOTA","BOT","A",12.7,13.34,0.6414,0.1718,"mg/L",77.6484284051222,14.8295357255033,15.1949005840347,0.367689857281333,0.22066533378,97.4543157273311
"3-2BOTA",2022-09-12,"Treatment",2022,9,"Sugar",3,2,"BOTA","BOT","A",16.07,16.64,0.569,0.2357,"mg/L",70.5982180738227,14.8295357255033,15.1949005840347,0.367689857281333,0.22066533378,97.4543157273311
"3-2BOTA",2022-08-21,"Treatment",2022,8,"Sugar",3,2,"BOTA","BOT","A",6.608,9.164,2.556,0.2064,"mg/L",44.3992248062016,14.8295357255033,15.1949005840347,0.367689857281333,0.22066533378,97.4543157273311
"3-2BOTA",2022-06-22,"Treatment",2022,4,"Sugar",3,2,"BOTA","BOT","A",21.34,21.85,0.5022,0.2706,"mg/L",80.7464892830747,14.8295357255033,15.1949005840347,0.367689857281333,0.22066533378,97.4543157273311
"3-2BOTC",2022-09-12,"Treatment",2022,9,"Sugar",3,2,"BOTC","BOT","C",2.211,3.961,1.749,0,"mg/L",NA,2.27687099117533,3.84471496000967,1.56788146870933,0.050539965275,1411.16011051486
"3-2BOTC",2023-07-19,"Post-treatment",2023,2,"Sugar",3,2,"BOTC","BOT","C",2.767,5.201,2.434,0.5193,"mg/L",10.0154053533603,2.27687099117533,3.84471496000967,1.56788146870933,0.050539965275,1411.16011051486
"3-2BOTC",2022-07-31,"Treatment",2022,6,"Sugar",3,2,"BOTC","BOT","C",1.875,3.306,1.431,0,"mg/L",NA,2.27687099117533,3.84471496000967,1.56788146870933,0.050539965275,1411.16011051486
"3-2BOTC",2022-05-27,"Treatment",2022,2,"Sugar",3,2,"BOTC","BOT","C",1.698,4.692,2.994,0,"mg/L",NA,2.27687099117533,3.84471496000967,1.56788146870933,0.050539965275,1411.16011051486
"3-2BOTC",2022-10-11,"Treatment",2022,10,"Sugar",3,2,"BOTC","BOT","C",2.482,5.918,3.436,0.06968,"mg/L",84.9311136624569,2.27687099117533,3.84471496000967,1.56788146870933,0.050539965275,1411.16011051486
"3-2BOTC",2022-07-11,"Treatment",2022,5,"Sugar",3,2,"BOTC","BOT","C",1.165,3.354,2.189,0,"mg/L",NA,2.27687099117533,3.84471496000967,1.56788146870933,0.050539965275,1411.16011051486
"3-2BOTC",2022-08-21,"Treatment",2022,8,"Sugar",3,2,"BOTC","BOT","C",1.295,2.044,0.7493,0,"mg/L",NA,2.27687099117533,3.84471496000967,1.56788146870933,0.050539965275,1411.16011051486
"3-2BOTC",2022-05-22,"Treatment",2022,1,"Sugar",3,2,"BOTC","BOT","C",1.984,6.171,4.187,0,"mg/L",NA,2.27687099117533,3.84471496000967,1.56788146870933,0.050539965275,1411.16011051486
"3-2BOTC",2023-06-25,"Post-treatment",2023,1,"Sugar",3,2,"BOTC","BOT","C",2.404,5.657,3.253,0.4303,"mg/L",13.1466418777597,2.27687099117533,3.84471496000967,1.56788146870933,0.050539965275,1411.16011051486
"3-2BOTC",2022-06-01,"Treatment",2022,3,"Sugar",3,2,"BOTC","BOT","C",1.834,4.527,2.693,0,"mg/L",NA,2.27687099117533,3.84471496000967,1.56788146870933,0.050539965275,1411.16011051486
"3-2BOTC",2022-08-05,"Treatment",2022,7,"Sugar",3,2,"BOTC","BOT","C",1.854,4.631,2.777,0,"mg/L",NA,2.27687099117533,3.84471496000967,1.56788146870933,0.050539965275,1411.16011051486
"3-2BOTC",2022-06-22,"Treatment",2022,4,"Sugar",3,2,"BOTC","BOT","C",9.792,11.6,1.806,0.07218,"mg/L",160.709337766694,2.27687099117533,3.84471496000967,1.56788146870933,0.050539965275,1411.16011051486
"3-2MIDA",2022-07-31,"Treatment",2022,6,"Sugar",3,2,"MIDA","MID","A",1918,1919,1.451,1.512,"mg/L",1269.17989417989,62.4627069732018,62.8016799948809,0.338473022679111,1.03069263396,63.2932119876827
"3-2MIDC",NA,NA,NA,NA,NA,NA,NA,NA,NA,NA,NA,NA,NA,NA,NA,NA,1.69825067132053,2.20415162065333,0.5058209495328,0.0375581158,227.784871119057
"3-2TOPA",2023-06-25,"Post-treatment",2023,1,"Sugar",3,2,"TOPA","TOP","A",20.78,21.49,0.7112,0.9276,"mg/L",23.1673134971971,82.7387734223083,83.071702951156,0.333029530097667,2.24650635456,42.6768718242954
"3-2TOPA",2022-10-11,"Treatment",2022,10,"Sugar",3,2,"TOPA","TOP","A",13.82,16.16,2.344,0.1921,"mg/L",84.1228526808954,82.7387734223083,83.071702951156,0.333029530097667,2.24650635456,42.6768718242954
"3-2TOPA",2023-07-19,"Post-treatment",2023,2,"Sugar",3,2,"TOPA","TOP","A",48.58,49.3,0.7262,1.368,"mg/L",36.0380116959064,82.7387734223083,83.071702951156,0.333029530097667,2.24650635456,42.6768718242954
"3-3 BOTA",2021-07-21,"Treatment",2021,5,"Control",3,3,"BOTA","BOT","A",5.472,6.706,1.234,0.1217,"mg/L",55.1027115858669,6.3405,7.5085,1.1679,0.14326,93.23391334733
"3-3 BOTA",2021-06-27,"Treatment",2021,4,"Control",3,3,"BOTA","BOT","A",9.47,10.2,0.7274,0.1188,"mg/L",85.8585858585859,6.3405,7.5085,1.1679,0.14326,93.23391334733
"3-3 BOTA",2021-08-31,"Treatment",2021,8,"Control",3,3,"BOTA","BOT","A",5.353,5.615,0.2621,0.08611,"mg/L",65.207292997329,6.3405,7.5085,1.1679,0.14326,93.23391334733
"3-3 BOTA",2021-09-29,"Treatment",2021,10,"Control",3,3,"BOTA","BOT","A",2.178,3.692,1.514,0.05703,"mg/L",64.7378572681045,6.3405,7.5085,1.1679,0.14326,93.23391334733
"3-3 BOTA",2021-09-09,"Treatment",2021,9,"Control",3,3,"BOTA","BOT","A",5.036,6.654,1.618,0.1842,"mg/L",36.1237785016287,6.3405,7.5085,1.1679,0.14326,93.23391334733
"3-3 BOTA",2021-08-10,"Treatment",2021,7,"Control",3,3,"BOTA","BOT","A",8.947,9.522,0.5752,0.1938,"mg/L",49.1331269349845,6.3405,7.5085,1.1679,0.14326,93.23391334733
"3-3 BOTA",2021-10-24,"Treatment",2021,11,"Control",3,3,"BOTA","BOT","A",14.07,14.31,0.2473,0.2454,"mg/L",58.3129584352078,6.3405,7.5085,1.1679,0.14326,93.23391334733
"3-3 BOTA",2021-07-31,"Treatment",2021,6,"Control",3,3,"BOTA","BOT","A",2.479,2.962,0.4831,0,"mg/L",NA,6.3405,7.5085,1.1679,0.14326,93.23391334733
"3-3 BOTC",2021-06-27,"Treatment",2021,4,"Control",3,3,"BOTC","BOT","C",6.476,7.464,0.9882,0.07017,"mg/L",106.370243693886,5.664,6.7515,1.0876,0.110635,59.2216058682981
"3-3 BOTC",2021-10-24,"Treatment",2021,11,"Control",3,3,"BOTC","BOT","C",6.268,7.346,1.078,0.1087,"mg/L",67.5804967801288,5.664,6.7515,1.0876,0.110635,59.2216058682981
"3-3 BOTC",2021-08-31,"Treatment",2021,8,"Control",3,3,"BOTC","BOT","C",8.42,8.947,0.527,0.266,"mg/L",33.6353383458647,5.664,6.7515,1.0876,0.110635,59.2216058682981
"3-3 BOTC",2021-09-29,"Treatment",2021,10,"Control",3,3,"BOTC","BOT","C",1.146,1.727,0.5815,0,"mg/L",NA,5.664,6.7515,1.0876,0.110635,59.2216058682981
"3-3 BOTC",2021-07-31,"Treatment",2021,6,"Control",3,3,"BOTC","BOT","C",2.766,4.268,1.502,0.06877,"mg/L",62.0619456158209,5.664,6.7515,1.0876,0.110635,59.2216058682981
"3-3 BOTC",2021-08-10,"Treatment",2021,7,"Control",3,3,"BOTC","BOT","C",6.99,7.737,0.7467,0.1843,"mg/L",41.9804666304938,5.664,6.7515,1.0876,0.110635,59.2216058682981
"3-3 BOTC",2021-07-21,"Treatment",2021,5,"Control",3,3,"BOTC","BOT","C",3.417,6.029,2.612,0.09067,"mg/L",66.493878901511,5.664,6.7515,1.0876,0.110635,59.2216058682981
"3-3 BOTC",2021-09-09,"Treatment",2021,9,"Control",3,3,"BOTC","BOT","C",110,110.5,0.4891,7.725,"mg/L",14.3042071197411,5.664,6.7515,1.0876,0.110635,59.2216058682981
"3-3 BOTC",2021-06-01,"Treatment",2021,3,"Control",3,3,"BOTC","BOT","C",2.231,6.863,4.631,0,"mg/L",NA,5.664,6.7515,1.0876,0.110635,59.2216058682981
"3-3 MIDA",2021-08-10,"Treatment",2021,7,"Control",3,3,"MIDA","MID","A",33.29,33.65,0.3664,0.8523,"mg/L",39.4814032617623,56.83,57.22,0.3862,1.665,34.3663663663664
"3-3 MIDA",2021-07-21,"Treatment",2021,5,"Control",3,3,"MIDA","MID","A",30.33,30.82,0.4918,1.052,"mg/L",29.2965779467681,56.83,57.22,0.3862,1.665,34.3663663663664
"3-3 MIDA",2021-06-27,"Treatment",2021,4,"Control",3,3,"MIDA","MID","A",25.59,26.01,0.4187,0.9275,"mg/L",28.0431266846361,56.83,57.22,0.3862,1.665,34.3663663663664
"3-3 MIDA",2021-07-31,"Treatment",2021,6,"Control",3,3,"MIDA","MID","A",43.62,43.95,0.3337,1.433,"mg/L",30.6699232379623,56.83,57.22,0.3862,1.665,34.3663663663664
"3-3 MIDA",2021-09-29,"Treatment",2021,10,"Control",3,3,"MIDA","MID","A",16.18,16.6,0.4187,0.2022,"mg/L",82.0969337289812,56.83,57.22,0.3862,1.665,34.3663663663664
"3-3 MIDA",2021-10-24,"Treatment",2021,11,"Control",3,3,"MIDA","MID","A",105.2,105.6,0.3386,2.959,"mg/L",35.6877323420074,56.83,57.22,0.3862,1.665,34.3663663663664
"3-3 MIDA",2021-09-09,"Treatment",2021,9,"Control",3,3,"MIDA","MID","A",11.17,12.11,0.9419,0.1767,"mg/L",68.5342388228636,56.83,57.22,0.3862,1.665,34.3663663663664
"3-3 MIDA",2021-08-31,"Treatment",2021,8,"Control",3,3,"MIDA","MID","A",22.59,22.83,0.2387,0.6025,"mg/L",37.8921161825726,56.83,57.22,0.3862,1.665,34.3663663663664
"3-3 TOPA",2021-07-21,"Treatment",2021,5,"Control",3,3,"TOPA","TOP","A",29.74,30.49,0.7553,5.124,"mg/L",5.9504293520687,35.345,35.875,0.52915,0.56355,63.7470823786377
"3-3 TOPA",2021-06-01,"Treatment",2021,3,"Control",3,3,"TOPA","TOP","A",35.66,36.27,0.6118,0.4811,"mg/L",75.3897318644772,35.345,35.875,0.52915,0.56355,63.7470823786377
"3-3 TOPA",2021-08-10,"Treatment",2021,7,"Control",3,3,"TOPA","TOP","A",59.57,60.01,0.4364,1.681,"mg/L",35.698988697204,35.345,35.875,0.52915,0.56355,63.7470823786377
"3-3 TOPA",2021-09-09,"Treatment",2021,9,"Control",3,3,"TOPA","TOP","A",101.3,101.8,0.516,3.761,"mg/L",27.0672693432598,35.345,35.875,0.52915,0.56355,63.7470823786377
"3-3 TOPA",2021-09-29,"Treatment",2021,10,"Control",3,3,"TOPA","TOP","A",96.13,96.51,0.3791,3.211,"mg/L",30.0560573030209,35.345,35.875,0.52915,0.56355,63.7470823786377
"3-3 TOPA",2021-07-31,"Treatment",2021,6,"Control",3,3,"TOPA","TOP","A",30.37,30.74,0.3678,0.7502,"mg/L",40.9757398027193,35.345,35.875,0.52915,0.56355,63.7470823786377
"3-3 TOPA",2021-08-31,"Treatment",2021,8,"Control",3,3,"TOPA","TOP","A",70.22,70.55,0.3253,2.069,"mg/L",34.0985983566941,35.345,35.875,0.52915,0.56355,63.7470823786377
"3-3BOTA",2022-06-01,"Treatment",2022,3,"Control",3,3,"BOTA","BOT","A",1.448,2.244,0.7958,0,"mg/L",NA,12.5477921993693,13.118211038934,0.570606339689667,0.296380407505,56.2031567354903
"3-3BOTA",2022-08-05,"Treatment",2022,7,"Control",3,3,"BOTA","BOT","A",36.51,36.93,0.4186,1.02,"mg/L",36.2058823529412,12.5477921993693,13.118211038934,0.570606339689667,0.296380407505,56.2031567354903
"3-3BOTA",2022-07-31,"Treatment",2022,6,"Control",3,3,"BOTA","BOT","A",12.44,14.83,2.389,0.1641,"mg/L",90.3717245581962,12.5477921993693,13.118211038934,0.570606339689667,0.296380407505,56.2031567354903
"3-3BOTA",2022-10-11,"Treatment",2022,10,"Control",3,3,"BOTA","BOT","A",104.7,105.3,0.597,1.851,"mg/L",56.8881685575365,12.5477921993693,13.118211038934,0.570606339689667,0.296380407505,56.2031567354903
"3-3BOTA",2022-07-11,"Treatment",2022,5,"Control",3,3,"BOTA","BOT","A",6.199,9.071,2.872,0.1034,"mg/L",87.7272727272727,12.5477921993693,13.118211038934,0.570606339689667,0.296380407505,56.2031567354903
"3-3BOTA",2023-06-25,"Post-treatment",2023,1,"Control",3,3,"BOTA","BOT","A",6.728,9.583,2.855,0.4967,"mg/L",19.2933360177169,12.5477921993693,13.118211038934,0.570606339689667,0.296380407505,56.2031567354903
"3-3BOTA",2022-06-22,"Treatment",2022,4,"Control",3,3,"BOTA","BOT","A",13.08,13.95,0.8714,0.1689,"mg/L",82.5932504440497,12.5477921993693,13.118211038934,0.570606339689667,0.296380407505,56.2031567354903
"3-3BOTA",2022-08-21,"Treatment",2022,8,"Control",3,3,"BOTA","BOT","A",3.699,4.238,0.5386,0,"mg/L",NA,12.5477921993693,13.118211038934,0.570606339689667,0.296380407505,56.2031567354903
"3-3BOTA",2023-07-19,"Post-treatment",2023,2,"Control",3,3,"BOTA","BOT","A",8.361,9.533,1.172,0.4846,"mg/L",19.6718943458522,12.5477921993693,13.118211038934,0.570606339689667,0.296380407505,56.2031567354903
"3-3BOTA",2022-09-12,"Treatment",2022,9,"Control",3,3,"BOTA","BOT","A",5.847,8.224,2.378,0.1014,"mg/L",81.1045364891519,12.5477921993693,13.118211038934,0.570606339689667,0.296380407505,56.2031567354903
"3-3BOTA",2022-05-27,"Treatment",2022,2,"Control",3,3,"BOTA","BOT","A",6.29,7.819,1.529,0.1967,"mg/L",39.7508896797153,12.5477921993693,13.118211038934,0.570606339689667,0.296380407505,56.2031567354903
"3-3BOTA",2022-05-22,"Treatment",2022,1,"Control",3,3,"BOTA","BOT","A",10.8,14.14,3.347,0.2319,"mg/L",60.9745579991376,12.5477921993693,13.118211038934,0.570606339689667,0.296380407505,56.2031567354903
"3-3BOTC",2022-06-01,"Treatment",2022,3,"Control",3,3,"BOTC","BOT","C",3.063,4.471,1.408,0.1778,"mg/L",25.1462317210349,5.16881412894667,6.34935020735033,1.18091107827867,0.150818772815,45.8183159124655
"3-3BOTC",2022-08-21,"Treatment",2022,8,"Control",3,3,"BOTC","BOT","C",2.195,4.9,2.705,0.06143,"mg/L",79.7655868468175,5.16881412894667,6.34935020735033,1.18091107827867,0.150818772815,45.8183159124655
"3-3BOTC",2022-07-11,"Treatment",2022,5,"Control",3,3,"BOTC","BOT","C",2.548,9.276,6.728,0,"mg/L",NA,5.16881412894667,6.34935020735033,1.18091107827867,0.150818772815,45.8183159124655
"3-3BOTC",2022-07-31,"Treatment",2022,6,"Control",3,3,"BOTC","BOT","C",5.204,7.286,2.083,0.08323,"mg/L",87.5405502823501,5.16881412894667,6.34935020735033,1.18091107827867,0.150818772815,45.8183159124655
"3-3BOTC",2022-08-05,"Treatment",2022,7,"Control",3,3,"BOTC","BOT","C",3.429,7.099,3.67,0.03636,"mg/L",195.24202420242,5.16881412894667,6.34935020735033,1.18091107827867,0.150818772815,45.8183159124655
"3-3BOTC",2022-06-22,"Treatment",2022,4,"Control",3,3,"BOTC","BOT","C",1.01,1.596,0.5856,0,"mg/L",NA,5.16881412894667,6.34935020735033,1.18091107827867,0.150818772815,45.8183159124655
"3-3BOTC",2022-05-22,"Treatment",2022,1,"Control",3,3,"BOTC","BOT","C",2.976,6.847,3.872,0.05217,"mg/L",131.244009967414,5.16881412894667,6.34935020735033,1.18091107827867,0.150818772815,45.8183159124655
"3-3BOTC",2022-10-11,"Treatment",2022,10,"Control",3,3,"BOTC","BOT","C",2.583,4.022,1.439,0.04992,"mg/L",80.5689102564103,5.16881412894667,6.34935020735033,1.18091107827867,0.150818772815,45.8183159124655
"3-3BOTC",2022-09-12,"Treatment",2022,9,"Control",3,3,"BOTC","BOT","C",2.251,7.828,5.578,0.03438,"mg/L",227.690517742874,5.16881412894667,6.34935020735033,1.18091107827867,0.150818772815,45.8183159124655
"3-3BOTC",2022-05-27,"Treatment",2022,2,"Control",3,3,"BOTC","BOT","C",2.983,5.275,2.292,0.08291,"mg/L",63.6232058859004,5.16881412894667,6.34935020735033,1.18091107827867,0.150818772815,45.8183159124655
"3-3BOTC",2023-07-19,"Post-treatment",2023,2,"Control",3,3,"BOTC","BOT","C",3.177,6.418,3.241,0.4713,"mg/L",13.6176532993847,5.16881412894667,6.34935020735033,1.18091107827867,0.150818772815,45.8183159124655
"3-3BOTC",2023-06-25,"Post-treatment",2023,1,"Control",3,3,"BOTC","BOT","C",4.294,8.309,4.015,0.549,"mg/L",15.1347905282331,5.16881412894667,6.34935020735033,1.18091107827867,0.150818772815,45.8183159124655
"3-3MIDA",2022-07-31,"Treatment",2022,6,"Control",3,3,"MIDA","MID","A",103,103.6,0.5909,3.49,"mg/L",29.6848137535817,48.8421700157834,49.1136414167451,0.271157114818857,1.47470973171429,35.132206809582
"3-3MIDC",NA,NA,NA,NA,NA,NA,NA,NA,NA,NA,NA,NA,NA,NA,NA,NA,3.37975326433134,3.82861013758267,0.448856873251333,0.13937339208,44.1567162837007
"3-3TOPA",2022-07-11,"Treatment",2022,5,"Control",3,3,"TOPA","TOP","A",53.55,54.07,0.5143,1.646,"mg/L",32.8493317132442,71.77767503,72.0092080333333,0.232533004333333,0.802193625,121.925645268611
"3-3TOPA",2023-06-25,"Post-treatment",2023,1,"Control",3,3,"TOPA","TOP","A",63.25,64.13,0.884,1.753,"mg/L",36.5830005704507,71.77767503,72.0092080333333,0.232533004333333,0.802193625,121.925645268611
"3-3TOPA",2023-07-19,"Post-treatment",2023,2,"Control",3,3,"TOPA","TOP","A",47.99,48.8,0.8059,1.506,"mg/L",32.4037184594954,71.77767503,72.0092080333333,0.232533004333333,0.802193625,121.925645268611
"3-3TOPA",2022-10-11,"Treatment",2022,10,"Control",3,3,"TOPA","TOP","A",3.874,6.425,2.551,0.0544,"mg/L",118.106617647059,71.77767503,72.0092080333333,0.232533004333333,0.802193625,121.925645268611
